date,from_currency,to_currency,exchange_rate,rate_type,source,is_active,created_timestamp
2025-07-01,USD,AUD,1.503706,DAILY,FX_FEED,True,2025-07-01 00:00:00
2025-07-01,USD,EUR,0.834022,DAILY,FX_FEED,True,2025-07-01 00:00:00
2025-07-01,USD,GBP,0.731443,DAILY,FX_FEED,True,2025-07-01 00:00:00
2025-07-01,USD,SGD,1.340655,DAILY,FX_FEED,True,2025-07-01 00:00:00
2025-07-01,AUD,USD,0.646119,DAILY,FX_FEED,True,2025-07-01 00:00:00
2025-07-01,AUD,EUR,0.55114,DAILY,FX_FEED,True,2025-07-01 00:00:00
2025-07-01,AUD,GBP,0.477287,DAILY,FX_FEED,True,2025-07-01 00:00:00
2025-07-01,AUD,SGD,0.873337,DAILY,FX_FEED,True,2025-07-01 00:00:00
2025-07-01,EUR,USD,1.194044,DAILY,FX_FEED,True,2025-07-01 00:00:00
2025-07-01,EUR,AUD,1.800127,DAILY,FX_FEED,True,2025-07-01 00:00:00
2025-07-01,EUR,GBP,0.869361,DAILY,FX_FEED,True,2025-07-01 00:00:00
2025-07-01,EUR,SGD,1.60679,DAILY,FX_FEED,True,2025-07-01 00:00:00
2025-07-01,GBP,USD,1.357032,DAILY,FX_FEED,True,2025-07-01 00:00:00
2025-07-01,GBP,AUD,2.082522,DAILY,FX_FEED,True,2025-07-01 00:00:00
2025-07-01,GBP,EUR,1.133801,DAILY,FX_FEED,True,2025-07-01 00:00:00
2025-07-01,GBP,SGD,1.825532,DAILY,FX_FEED,True,2025-07-01 00:00:00
2025-07-01,SGD,USD,0.755918,DAILY,FX_FEED,True,2025-07-01 00:00:00
2025-07-01,SGD,AUD,1.116432,DAILY,FX_FEED,True,2025-07-01 00:00:00
2025-07-01,SGD,EUR,0.633002,DAILY,FX_FEED,True,2025-07-01 00:00:00
2025-07-01,SGD,GBP,0.544803,DAILY,FX_FEED,True,2025-07-01 00:00:00
2025-07-02,USD,AUD,1.513856,DAILY,FX_FEED,True,2025-07-02 00:00:00
2025-07-02,USD,EUR,0.848003,DAILY,FX_FEED,True,2025-07-02 00:00:00
2025-07-02,USD,GBP,0.737344,DAILY,FX_FEED,True,2025-07-02 00:00:00
2025-07-02,USD,SGD,1.321945,DAILY,FX_FEED,True,2025-07-02 00:00:00
2025-07-02,AUD,USD,0.666755,DAILY,FX_FEED,True,2025-07-02 00:00:00
2025-07-02,AUD,EUR,0.556628,DAILY,FX_FEED,True,2025-07-02 00:00:00
2025-07-02,AUD,GBP,0.48613,DAILY,FX_FEED,True,2025-07-02 00:00:00
2025-07-02,AUD,SGD,0.867297,DAILY,FX_FEED,True,2025-07-02 00:00:00
2025-07-02,EUR,USD,1.174339,DAILY,FX_FEED,True,2025-07-02 00:00:00
2025-07-02,EUR,AUD,1.805073,DAILY,FX_FEED,True,2025-07-02 00:00:00
2025-07-02,EUR,GBP,0.876083,DAILY,FX_FEED,True,2025-07-02 00:00:00
2025-07-02,EUR,SGD,1.594893,DAILY,FX_FEED,True,2025-07-02 00:00:00
2025-07-02,GBP,USD,1.366717,DAILY,FX_FEED,True,2025-07-02 00:00:00
2025-07-02,GBP,AUD,2.02413,DAILY,FX_FEED,True,2025-07-02 00:00:00
2025-07-02,GBP,EUR,1.145932,DAILY,FX_FEED,True,2025-07-02 00:00:00
2025-07-02,GBP,SGD,1.814589,DAILY,FX_FEED,True,2025-07-02 00:00:00
2025-07-02,SGD,USD,0.759981,DAILY,FX_FEED,True,2025-07-02 00:00:00
2025-07-02,SGD,AUD,1.131182,DAILY,FX_FEED,True,2025-07-02 00:00:00
2025-07-02,SGD,EUR,0.641024,DAILY,FX_FEED,True,2025-07-02 00:00:00
2025-07-02,SGD,GBP,0.555057,DAILY,FX_FEED,True,2025-07-02 00:00:00
2025-07-03,USD,AUD,1.51957,DAILY,FX_FEED,True,2025-07-03 00:00:00
2025-07-03,USD,EUR,0.835149,DAILY,FX_FEED,True,2025-07-03 00:00:00
2025-07-03,USD,GBP,0.751869,DAILY,FX_FEED,True,2025-07-03 00:00:00
2025-07-03,USD,SGD,1.324793,DAILY,FX_FEED,True,2025-07-03 00:00:00
2025-07-03,AUD,USD,0.649515,DAILY,FX_FEED,True,2025-07-03 00:00:00
2025-07-03,AUD,EUR,0.564547,DAILY,FX_FEED,True,2025-07-03 00:00:00
2025-07-03,AUD,GBP,0.492751,DAILY,FX_FEED,True,2025-07-03 00:00:00
2025-07-03,AUD,SGD,0.871366,DAILY,FX_FEED,True,2025-07-03 00:00:00
2025-07-03,EUR,USD,1.197103,DAILY,FX_FEED,True,2025-07-03 00:00:00
2025-07-03,EUR,AUD,1.805583,DAILY,FX_FEED,True,2025-07-03 00:00:00
2025-07-03,EUR,GBP,0.88494,DAILY,FX_FEED,True,2025-07-03 00:00:00
2025-07-03,EUR,SGD,1.562267,DAILY,FX_FEED,True,2025-07-03 00:00:00
2025-07-03,GBP,USD,1.341084,DAILY,FX_FEED,True,2025-07-03 00:00:00
2025-07-03,GBP,AUD,2.086216,DAILY,FX_FEED,True,2025-07-03 00:00:00
2025-07-03,GBP,EUR,1.127174,DAILY,FX_FEED,True,2025-07-03 00:00:00
2025-07-03,GBP,SGD,1.802001,DAILY,FX_FEED,True,2025-07-03 00:00:00
2025-07-03,SGD,USD,0.743239,DAILY,FX_FEED,True,2025-07-03 00:00:00
2025-07-03,SGD,AUD,1.118655,DAILY,FX_FEED,True,2025-07-03 00:00:00
2025-07-03,SGD,EUR,0.637734,DAILY,FX_FEED,True,2025-07-03 00:00:00
2025-07-03,SGD,GBP,0.543593,DAILY,FX_FEED,True,2025-07-03 00:00:00
2025-07-04,USD,AUD,1.532025,DAILY,FX_FEED,True,2025-07-04 00:00:00
2025-07-04,USD,EUR,0.838867,DAILY,FX_FEED,True,2025-07-04 00:00:00
2025-07-04,USD,GBP,0.740736,DAILY,FX_FEED,True,2025-07-04 00:00:00
2025-07-04,USD,SGD,1.366028,DAILY,FX_FEED,True,2025-07-04 00:00:00
2025-07-04,AUD,USD,0.669594,DAILY,FX_FEED,True,2025-07-04 00:00:00
2025-07-04,AUD,EUR,0.563645,DAILY,FX_FEED,True,2025-07-04 00:00:00
2025-07-04,AUD,GBP,0.485232,DAILY,FX_FEED,True,2025-07-04 00:00:00
2025-07-04,AUD,SGD,0.872023,DAILY,FX_FEED,True,2025-07-04 00:00:00
2025-07-04,EUR,USD,1.178421,DAILY,FX_FEED,True,2025-07-04 00:00:00
2025-07-04,EUR,AUD,1.788116,DAILY,FX_FEED,True,2025-07-04 00:00:00
2025-07-04,EUR,GBP,0.863543,DAILY,FX_FEED,True,2025-07-04 00:00:00
2025-07-04,EUR,SGD,1.581527,DAILY,FX_FEED,True,2025-07-04 00:00:00
2025-07-04,GBP,USD,1.374551,DAILY,FX_FEED,True,2025-07-04 00:00:00
2025-07-04,GBP,AUD,2.03246,DAILY,FX_FEED,True,2025-07-04 00:00:00
2025-07-04,GBP,EUR,1.131784,DAILY,FX_FEED,True,2025-07-04 00:00:00
2025-07-04,GBP,SGD,1.790979,DAILY,FX_FEED,True,2025-07-04 00:00:00
2025-07-04,SGD,USD,0.756913,DAILY,FX_FEED,True,2025-07-04 00:00:00
2025-07-04,SGD,AUD,1.138996,DAILY,FX_FEED,True,2025-07-04 00:00:00
2025-07-04,SGD,EUR,0.64278,DAILY,FX_FEED,True,2025-07-04 00:00:00
2025-07-04,SGD,GBP,0.553999,DAILY,FX_FEED,True,2025-07-04 00:00:00
2025-07-05,USD,AUD,1.502828,DAILY,FX_FEED,True,2025-07-05 00:00:00
2025-07-05,USD,EUR,0.833555,DAILY,FX_FEED,True,2025-07-05 00:00:00
2025-07-05,USD,GBP,0.753931,DAILY,FX_FEED,True,2025-07-05 00:00:00
2025-07-05,USD,SGD,1.331648,DAILY,FX_FEED,True,2025-07-05 00:00:00
2025-07-05,AUD,USD,0.646765,DAILY,FX_FEED,True,2025-07-05 00:00:00
2025-07-05,AUD,EUR,0.550341,DAILY,FX_FEED,True,2025-07-05 00:00:00
2025-07-05,AUD,GBP,0.494038,DAILY,FX_FEED,True,2025-07-05 00:00:00
2025-07-05,AUD,SGD,0.877985,DAILY,FX_FEED,True,2025-07-05 00:00:00
2025-07-05,EUR,USD,1.17326,DAILY,FX_FEED,True,2025-07-05 00:00:00
2025-07-05,EUR,AUD,1.78028,DAILY,FX_FEED,True,2025-07-05 00:00:00
2025-07-05,EUR,GBP,0.853255,DAILY,FX_FEED,True,2025-07-05 00:00:00
2025-07-05,EUR,SGD,1.551437,DAILY,FX_FEED,True,2025-07-05 00:00:00
2025-07-05,GBP,USD,1.347216,DAILY,FX_FEED,True,2025-07-05 00:00:00
2025-07-05,GBP,AUD,2.021053,DAILY,FX_FEED,True,2025-07-05 00:00:00
2025-07-05,GBP,EUR,1.153076,DAILY,FX_FEED,True,2025-07-05 00:00:00
2025-07-05,GBP,SGD,1.819972,DAILY,FX_FEED,True,2025-07-05 00:00:00
2025-07-05,SGD,USD,0.759172,DAILY,FX_FEED,True,2025-07-05 00:00:00
2025-07-05,SGD,AUD,1.145943,DAILY,FX_FEED,True,2025-07-05 00:00:00
2025-07-05,SGD,EUR,0.646093,DAILY,FX_FEED,True,2025-07-05 00:00:00
2025-07-05,SGD,GBP,0.562057,DAILY,FX_FEED,True,2025-07-05 00:00:00
2025-07-06,USD,AUD,1.496708,DAILY,FX_FEED,True,2025-07-06 00:00:00
2025-07-06,USD,EUR,0.85822,DAILY,FX_FEED,True,2025-07-06 00:00:00
2025-07-06,USD,GBP,0.75181,DAILY,FX_FEED,True,2025-07-06 00:00:00
2025-07-06,USD,SGD,1.323898,DAILY,FX_FEED,True,2025-07-06 00:00:00
2025-07-06,AUD,USD,0.651505,DAILY,FX_FEED,True,2025-07-06 00:00:00
2025-07-06,AUD,EUR,0.549455,DAILY,FX_FEED,True,2025-07-06 00:00:00
2025-07-06,AUD,GBP,0.493621,DAILY,FX_FEED,True,2025-07-06 00:00:00
2025-07-06,AUD,SGD,0.892271,DAILY,FX_FEED,True,2025-07-06 00:00:00
2025-07-06,EUR,USD,1.162302,DAILY,FX_FEED,True,2025-07-06 00:00:00
2025-07-06,EUR,AUD,1.774559,DAILY,FX_FEED,True,2025-07-06 00:00:00
2025-07-06,EUR,GBP,0.883974,DAILY,FX_FEED,True,2025-07-06 00:00:00
2025-07-06,EUR,SGD,1.565699,DAILY,FX_FEED,True,2025-07-06 00:00:00
2025-07-06,GBP,USD,1.370129,DAILY,FX_FEED,True,2025-07-06 00:00:00
2025-07-06,GBP,AUD,2.019269,DAILY,FX_FEED,True,2025-07-06 00:00:00
2025-07-06,GBP,EUR,1.159715,DAILY,FX_FEED,True,2025-07-06 00:00:00
2025-07-06,GBP,SGD,1.807313,DAILY,FX_FEED,True,2025-07-06 00:00:00
2025-07-06,SGD,USD,0.753671,DAILY,FX_FEED,True,2025-07-06 00:00:00
2025-07-06,SGD,AUD,1.12844,DAILY,FX_FEED,True,2025-07-06 00:00:00
2025-07-06,SGD,EUR,0.644061,DAILY,FX_FEED,True,2025-07-06 00:00:00
2025-07-06,SGD,GBP,0.541802,DAILY,FX_FEED,True,2025-07-06 00:00:00
2025-07-07,USD,AUD,1.52536,DAILY,FX_FEED,True,2025-07-07 00:00:00
2025-07-07,USD,EUR,0.865955,DAILY,FX_FEED,True,2025-07-07 00:00:00
2025-07-07,USD,GBP,0.752392,DAILY,FX_FEED,True,2025-07-07 00:00:00
2025-07-07,USD,SGD,1.35814,DAILY,FX_FEED,True,2025-07-07 00:00:00
2025-07-07,AUD,USD,0.646797,DAILY,FX_FEED,True,2025-07-07 00:00:00
2025-07-07,AUD,EUR,0.548356,DAILY,FX_FEED,True,2025-07-07 00:00:00
2025-07-07,AUD,GBP,0.481775,DAILY,FX_FEED,True,2025-07-07 00:00:00
2025-07-07,AUD,SGD,0.868228,DAILY,FX_FEED,True,2025-07-07 00:00:00
2025-07-07,EUR,USD,1.198718,DAILY,FX_FEED,True,2025-07-07 00:00:00
2025-07-07,EUR,AUD,1.818616,DAILY,FX_FEED,True,2025-07-07 00:00:00
2025-07-07,EUR,GBP,0.858977,DAILY,FX_FEED,True,2025-07-07 00:00:00
2025-07-07,EUR,SGD,1.588786,DAILY,FX_FEED,True,2025-07-07 00:00:00
2025-07-07,GBP,USD,1.347945,DAILY,FX_FEED,True,2025-07-07 00:00:00
2025-07-07,GBP,AUD,2.062125,DAILY,FX_FEED,True,2025-07-07 00:00:00
2025-07-07,GBP,EUR,1.159719,DAILY,FX_FEED,True,2025-07-07 00:00:00
2025-07-07,GBP,SGD,1.831117,DAILY,FX_FEED,True,2025-07-07 00:00:00
2025-07-07,SGD,USD,0.742495,DAILY,FX_FEED,True,2025-07-07 00:00:00
2025-07-07,SGD,AUD,1.146674,DAILY,FX_FEED,True,2025-07-07 00:00:00
2025-07-07,SGD,EUR,0.642495,DAILY,FX_FEED,True,2025-07-07 00:00:00
2025-07-07,SGD,GBP,0.542747,DAILY,FX_FEED,True,2025-07-07 00:00:00
2025-07-08,USD,AUD,1.535661,DAILY,FX_FEED,True,2025-07-08 00:00:00
2025-07-08,USD,EUR,0.856256,DAILY,FX_FEED,True,2025-07-08 00:00:00
2025-07-08,USD,GBP,0.732908,DAILY,FX_FEED,True,2025-07-08 00:00:00
2025-07-08,USD,SGD,1.362952,DAILY,FX_FEED,True,2025-07-08 00:00:00
2025-07-08,AUD,USD,0.658844,DAILY,FX_FEED,True,2025-07-08 00:00:00
2025-07-08,AUD,EUR,0.567441,DAILY,FX_FEED,True,2025-07-08 00:00:00
2025-07-08,AUD,GBP,0.483704,DAILY,FX_FEED,True,2025-07-08 00:00:00
2025-07-08,AUD,SGD,0.882957,DAILY,FX_FEED,True,2025-07-08 00:00:00
2025-07-08,EUR,USD,1.182071,DAILY,FX_FEED,True,2025-07-08 00:00:00
2025-07-08,EUR,AUD,1.757948,DAILY,FX_FEED,True,2025-07-08 00:00:00
2025-07-08,EUR,GBP,0.887054,DAILY,FX_FEED,True,2025-07-08 00:00:00
2025-07-08,EUR,SGD,1.5501,DAILY,FX_FEED,True,2025-07-08 00:00:00
2025-07-08,GBP,USD,1.374431,DAILY,FX_FEED,True,2025-07-08 00:00:00
2025-07-08,GBP,AUD,2.020829,DAILY,FX_FEED,True,2025-07-08 00:00:00
2025-07-08,GBP,EUR,1.150374,DAILY,FX_FEED,True,2025-07-08 00:00:00
2025-07-08,GBP,SGD,1.816993,DAILY,FX_FEED,True,2025-07-08 00:00:00
2025-07-08,SGD,USD,0.75915,DAILY,FX_FEED,True,2025-07-08 00:00:00
2025-07-08,SGD,AUD,1.121842,DAILY,FX_FEED,True,2025-07-08 00:00:00
2025-07-08,SGD,EUR,0.622769,DAILY,FX_FEED,True,2025-07-08 00:00:00
2025-07-08,SGD,GBP,0.548098,DAILY,FX_FEED,True,2025-07-08 00:00:00
2025-07-09,USD,AUD,1.509571,DAILY,FX_FEED,True,2025-07-09 00:00:00
2025-07-09,USD,EUR,0.856794,DAILY,FX_FEED,True,2025-07-09 00:00:00
2025-07-09,USD,GBP,0.752368,DAILY,FX_FEED,True,2025-07-09 00:00:00
2025-07-09,USD,SGD,1.329223,DAILY,FX_FEED,True,2025-07-09 00:00:00
2025-07-09,AUD,USD,0.66666,DAILY,FX_FEED,True,2025-07-09 00:00:00
2025-07-09,AUD,EUR,0.567808,DAILY,FX_FEED,True,2025-07-09 00:00:00
2025-07-09,AUD,GBP,0.478087,DAILY,FX_FEED,True,2025-07-09 00:00:00
2025-07-09,AUD,SGD,0.882562,DAILY,FX_FEED,True,2025-07-09 00:00:00
2025-07-09,EUR,USD,1.166689,DAILY,FX_FEED,True,2025-07-09 00:00:00
2025-07-09,EUR,AUD,1.769082,DAILY,FX_FEED,True,2025-07-09 00:00:00
2025-07-09,EUR,GBP,0.854866,DAILY,FX_FEED,True,2025-07-09 00:00:00
2025-07-09,EUR,SGD,1.569238,DAILY,FX_FEED,True,2025-07-09 00:00:00
2025-07-09,GBP,USD,1.371955,DAILY,FX_FEED,True,2025-07-09 00:00:00
2025-07-09,GBP,AUD,2.077364,DAILY,FX_FEED,True,2025-07-09 00:00:00
2025-07-09,GBP,EUR,1.153964,DAILY,FX_FEED,True,2025-07-09 00:00:00
2025-07-09,GBP,SGD,1.833521,DAILY,FX_FEED,True,2025-07-09 00:00:00
2025-07-09,SGD,USD,0.754783,DAILY,FX_FEED,True,2025-07-09 00:00:00
2025-07-09,SGD,AUD,1.123524,DAILY,FX_FEED,True,2025-07-09 00:00:00
2025-07-09,SGD,EUR,0.628022,DAILY,FX_FEED,True,2025-07-09 00:00:00
2025-07-09,SGD,GBP,0.541488,DAILY,FX_FEED,True,2025-07-09 00:00:00
2025-07-10,USD,AUD,1.5043,DAILY,FX_FEED,True,2025-07-10 00:00:00
2025-07-10,USD,EUR,0.855375,DAILY,FX_FEED,True,2025-07-10 00:00:00
2025-07-10,USD,GBP,0.738146,DAILY,FX_FEED,True,2025-07-10 00:00:00
2025-07-10,USD,SGD,1.363379,DAILY,FX_FEED,True,2025-07-10 00:00:00
2025-07-10,AUD,USD,0.654308,DAILY,FX_FEED,True,2025-07-10 00:00:00
2025-07-10,AUD,EUR,0.564378,DAILY,FX_FEED,True,2025-07-10 00:00:00
2025-07-10,AUD,GBP,0.481149,DAILY,FX_FEED,True,2025-07-10 00:00:00
2025-07-10,AUD,SGD,0.883463,DAILY,FX_FEED,True,2025-07-10 00:00:00
2025-07-10,EUR,USD,1.196009,DAILY,FX_FEED,True,2025-07-10 00:00:00
2025-07-10,EUR,AUD,1.814984,DAILY,FX_FEED,True,2025-07-10 00:00:00
2025-07-10,EUR,GBP,0.85862,DAILY,FX_FEED,True,2025-07-10 00:00:00
2025-07-10,EUR,SGD,1.595514,DAILY,FX_FEED,True,2025-07-10 00:00:00
2025-07-10,GBP,USD,1.368609,DAILY,FX_FEED,True,2025-07-10 00:00:00
2025-07-10,GBP,AUD,2.022192,DAILY,FX_FEED,True,2025-07-10 00:00:00
2025-07-10,GBP,EUR,1.134439,DAILY,FX_FEED,True,2025-07-10 00:00:00
2025-07-10,GBP,SGD,1.819616,DAILY,FX_FEED,True,2025-07-10 00:00:00
2025-07-10,SGD,USD,0.755207,DAILY,FX_FEED,True,2025-07-10 00:00:00
2025-07-10,SGD,AUD,1.144298,DAILY,FX_FEED,True,2025-07-10 00:00:00
2025-07-10,SGD,EUR,0.645772,DAILY,FX_FEED,True,2025-07-10 00:00:00
2025-07-10,SGD,GBP,0.548667,DAILY,FX_FEED,True,2025-07-10 00:00:00
2025-07-11,USD,AUD,1.502635,DAILY,FX_FEED,True,2025-07-11 00:00:00
2025-07-11,USD,EUR,0.866925,DAILY,FX_FEED,True,2025-07-11 00:00:00
2025-07-11,USD,GBP,0.732593,DAILY,FX_FEED,True,2025-07-11 00:00:00
2025-07-11,USD,SGD,1.321541,DAILY,FX_FEED,True,2025-07-11 00:00:00
2025-07-11,AUD,USD,0.65697,DAILY,FX_FEED,True,2025-07-11 00:00:00
2025-07-11,AUD,EUR,0.558952,DAILY,FX_FEED,True,2025-07-11 00:00:00
2025-07-11,AUD,GBP,0.478363,DAILY,FX_FEED,True,2025-07-11 00:00:00
2025-07-11,AUD,SGD,0.884979,DAILY,FX_FEED,True,2025-07-11 00:00:00
2025-07-11,EUR,USD,1.157036,DAILY,FX_FEED,True,2025-07-11 00:00:00
2025-07-11,EUR,AUD,1.78572,DAILY,FX_FEED,True,2025-07-11 00:00:00
2025-07-11,EUR,GBP,0.881486,DAILY,FX_FEED,True,2025-07-11 00:00:00
2025-07-11,EUR,SGD,1.554902,DAILY,FX_FEED,True,2025-07-11 00:00:00
2025-07-11,GBP,USD,1.354342,DAILY,FX_FEED,True,2025-07-11 00:00:00
2025-07-11,GBP,AUD,2.073,DAILY,FX_FEED,True,2025-07-11 00:00:00
2025-07-11,GBP,EUR,1.166964,DAILY,FX_FEED,True,2025-07-11 00:00:00
2025-07-11,GBP,SGD,1.843711,DAILY,FX_FEED,True,2025-07-11 00:00:00
2025-07-11,SGD,USD,0.740397,DAILY,FX_FEED,True,2025-07-11 00:00:00
2025-07-11,SGD,AUD,1.156025,DAILY,FX_FEED,True,2025-07-11 00:00:00
2025-07-11,SGD,EUR,0.646223,DAILY,FX_FEED,True,2025-07-11 00:00:00
2025-07-11,SGD,GBP,0.55988,DAILY,FX_FEED,True,2025-07-11 00:00:00
2025-07-12,USD,AUD,1.494585,DAILY,FX_FEED,True,2025-07-12 00:00:00
2025-07-12,USD,EUR,0.85704,DAILY,FX_FEED,True,2025-07-12 00:00:00
2025-07-12,USD,GBP,0.752211,DAILY,FX_FEED,True,2025-07-12 00:00:00
2025-07-12,USD,SGD,1.365048,DAILY,FX_FEED,True,2025-07-12 00:00:00
2025-07-12,AUD,USD,0.665188,DAILY,FX_FEED,True,2025-07-12 00:00:00
2025-07-12,AUD,EUR,0.555463,DAILY,FX_FEED,True,2025-07-12 00:00:00
2025-07-12,AUD,GBP,0.483615,DAILY,FX_FEED,True,2025-07-12 00:00:00
2025-07-12,AUD,SGD,0.884472,DAILY,FX_FEED,True,2025-07-12 00:00:00
2025-07-12,EUR,USD,1.162005,DAILY,FX_FEED,True,2025-07-12 00:00:00
2025-07-12,EUR,AUD,1.822411,DAILY,FX_FEED,True,2025-07-12 00:00:00
2025-07-12,EUR,GBP,0.871935,DAILY,FX_FEED,True,2025-07-12 00:00:00
2025-07-12,EUR,SGD,1.566489,DAILY,FX_FEED,True,2025-07-12 00:00:00
2025-07-12,GBP,USD,1.352928,DAILY,FX_FEED,True,2025-07-12 00:00:00
2025-07-12,GBP,AUD,2.018624,DAILY,FX_FEED,True,2025-07-12 00:00:00
2025-07-12,GBP,EUR,1.13756,DAILY,FX_FEED,True,2025-07-12 00:00:00
2025-07-12,GBP,SGD,1.83295,DAILY,FX_FEED,True,2025-07-12 00:00:00
2025-07-12,SGD,USD,0.753892,DAILY,FX_FEED,True,2025-07-12 00:00:00
2025-07-12,SGD,AUD,1.135106,DAILY,FX_FEED,True,2025-07-12 00:00:00
2025-07-12,SGD,EUR,0.640637,DAILY,FX_FEED,True,2025-07-12 00:00:00
2025-07-12,SGD,GBP,0.550178,DAILY,FX_FEED,True,2025-07-12 00:00:00
2025-07-13,USD,AUD,1.54726,DAILY,FX_FEED,True,2025-07-13 00:00:00
2025-07-13,USD,EUR,0.852659,DAILY,FX_FEED,True,2025-07-13 00:00:00
2025-07-13,USD,GBP,0.727226,DAILY,FX_FEED,True,2025-07-13 00:00:00
2025-07-13,USD,SGD,1.326521,DAILY,FX_FEED,True,2025-07-13 00:00:00
2025-07-13,AUD,USD,0.666771,DAILY,FX_FEED,True,2025-07-13 00:00:00
2025-07-13,AUD,EUR,0.553093,DAILY,FX_FEED,True,2025-07-13 00:00:00
2025-07-13,AUD,GBP,0.481674,DAILY,FX_FEED,True,2025-07-13 00:00:00
2025-07-13,AUD,SGD,0.884501,DAILY,FX_FEED,True,2025-07-13 00:00:00
2025-07-13,EUR,USD,1.186093,DAILY,FX_FEED,True,2025-07-13 00:00:00
2025-07-13,EUR,AUD,1.771041,DAILY,FX_FEED,True,2025-07-13 00:00:00
2025-07-13,EUR,GBP,0.867588,DAILY,FX_FEED,True,2025-07-13 00:00:00
2025-07-13,EUR,SGD,1.569877,DAILY,FX_FEED,True,2025-07-13 00:00:00
2025-07-13,GBP,USD,1.329956,DAILY,FX_FEED,True,2025-07-13 00:00:00
2025-07-13,GBP,AUD,2.058086,DAILY,FX_FEED,True,2025-07-13 00:00:00
2025-07-13,GBP,EUR,1.131742,DAILY,FX_FEED,True,2025-07-13 00:00:00
2025-07-13,GBP,SGD,1.786117,DAILY,FX_FEED,True,2025-07-13 00:00:00
2025-07-13,SGD,USD,0.745176,DAILY,FX_FEED,True,2025-07-13 00:00:00
2025-07-13,SGD,AUD,1.152291,DAILY,FX_FEED,True,2025-07-13 00:00:00
2025-07-13,SGD,EUR,0.637875,DAILY,FX_FEED,True,2025-07-13 00:00:00
2025-07-13,SGD,GBP,0.551227,DAILY,FX_FEED,True,2025-07-13 00:00:00
2025-07-14,USD,AUD,1.525033,DAILY,FX_FEED,True,2025-07-14 00:00:00
2025-07-14,USD,EUR,0.860549,DAILY,FX_FEED,True,2025-07-14 00:00:00
2025-07-14,USD,GBP,0.728612,DAILY,FX_FEED,True,2025-07-14 00:00:00
2025-07-14,USD,SGD,1.359696,DAILY,FX_FEED,True,2025-07-14 00:00:00
2025-07-14,AUD,USD,0.660258,DAILY,FX_FEED,True,2025-07-14 00:00:00
2025-07-14,AUD,EUR,0.5558,DAILY,FX_FEED,True,2025-07-14 00:00:00
2025-07-14,AUD,GBP,0.484906,DAILY,FX_FEED,True,2025-07-14 00:00:00
2025-07-14,AUD,SGD,0.881195,DAILY,FX_FEED,True,2025-07-14 00:00:00
2025-07-14,EUR,USD,1.159819,DAILY,FX_FEED,True,2025-07-14 00:00:00
2025-07-14,EUR,AUD,1.769034,DAILY,FX_FEED,True,2025-07-14 00:00:00
2025-07-14,EUR,GBP,0.871943,DAILY,FX_FEED,True,2025-07-14 00:00:00
2025-07-14,EUR,SGD,1.570671,DAILY,FX_FEED,True,2025-07-14 00:00:00
2025-07-14,GBP,USD,1.356991,DAILY,FX_FEED,True,2025-07-14 00:00:00
2025-07-14,GBP,AUD,2.07135,DAILY,FX_FEED,True,2025-07-14 00:00:00
2025-07-14,GBP,EUR,1.151713,DAILY,FX_FEED,True,2025-07-14 00:00:00
2025-07-14,GBP,SGD,1.805656,DAILY,FX_FEED,True,2025-07-14 00:00:00
2025-07-14,SGD,USD,0.743053,DAILY,FX_FEED,True,2025-07-14 00:00:00
2025-07-14,SGD,AUD,1.156828,DAILY,FX_FEED,True,2025-07-14 00:00:00
2025-07-14,SGD,EUR,0.625818,DAILY,FX_FEED,True,2025-07-14 00:00:00
2025-07-14,SGD,GBP,0.541542,DAILY,FX_FEED,True,2025-07-14 00:00:00
2025-07-15,USD,AUD,1.517284,DAILY,FX_FEED,True,2025-07-15 00:00:00
2025-07-15,USD,EUR,0.834182,DAILY,FX_FEED,True,2025-07-15 00:00:00
2025-07-15,USD,GBP,0.725474,DAILY,FX_FEED,True,2025-07-15 00:00:00
2025-07-15,USD,SGD,1.352699,DAILY,FX_FEED,True,2025-07-15 00:00:00
2025-07-15,AUD,USD,0.662565,DAILY,FX_FEED,True,2025-07-15 00:00:00
2025-07-15,AUD,EUR,0.557962,DAILY,FX_FEED,True,2025-07-15 00:00:00
2025-07-15,AUD,GBP,0.483909,DAILY,FX_FEED,True,2025-07-15 00:00:00
2025-07-15,AUD,SGD,0.884325,DAILY,FX_FEED,True,2025-07-15 00:00:00
2025-07-15,EUR,USD,1.162963,DAILY,FX_FEED,True,2025-07-15 00:00:00
2025-07-15,EUR,AUD,1.814624,DAILY,FX_FEED,True,2025-07-15 00:00:00
2025-07-15,EUR,GBP,0.873028,DAILY,FX_FEED,True,2025-07-15 00:00:00
2025-07-15,EUR,SGD,1.557131,DAILY,FX_FEED,True,2025-07-15 00:00:00
2025-07-15,GBP,USD,1.375873,DAILY,FX_FEED,True,2025-07-15 00:00:00
2025-07-15,GBP,AUD,2.025748,DAILY,FX_FEED,True,2025-07-15 00:00:00
2025-07-15,GBP,EUR,1.149904,DAILY,FX_FEED,True,2025-07-15 00:00:00
2025-07-15,GBP,SGD,1.839177,DAILY,FX_FEED,True,2025-07-15 00:00:00
2025-07-15,SGD,USD,0.75182,DAILY,FX_FEED,True,2025-07-15 00:00:00
2025-07-15,SGD,AUD,1.116921,DAILY,FX_FEED,True,2025-07-15 00:00:00
2025-07-15,SGD,EUR,0.637194,DAILY,FX_FEED,True,2025-07-15 00:00:00
2025-07-15,SGD,GBP,0.544862,DAILY,FX_FEED,True,2025-07-15 00:00:00
2025-07-16,USD,AUD,1.500899,DAILY,FX_FEED,True,2025-07-16 00:00:00
2025-07-16,USD,EUR,0.859711,DAILY,FX_FEED,True,2025-07-16 00:00:00
2025-07-16,USD,GBP,0.744695,DAILY,FX_FEED,True,2025-07-16 00:00:00
2025-07-16,USD,SGD,1.340535,DAILY,FX_FEED,True,2025-07-16 00:00:00
2025-07-16,AUD,USD,0.655691,DAILY,FX_FEED,True,2025-07-16 00:00:00
2025-07-16,AUD,EUR,0.569045,DAILY,FX_FEED,True,2025-07-16 00:00:00
2025-07-16,AUD,GBP,0.487562,DAILY,FX_FEED,True,2025-07-16 00:00:00
2025-07-16,AUD,SGD,0.872228,DAILY,FX_FEED,True,2025-07-16 00:00:00
2025-07-16,EUR,USD,1.183814,DAILY,FX_FEED,True,2025-07-16 00:00:00
2025-07-16,EUR,AUD,1.783082,DAILY,FX_FEED,True,2025-07-16 00:00:00
2025-07-16,EUR,GBP,0.85824,DAILY,FX_FEED,True,2025-07-16 00:00:00
2025-07-16,EUR,SGD,1.55757,DAILY,FX_FEED,True,2025-07-16 00:00:00
2025-07-16,GBP,USD,1.334205,DAILY,FX_FEED,True,2025-07-16 00:00:00
2025-07-16,GBP,AUD,2.066328,DAILY,FX_FEED,True,2025-07-16 00:00:00
2025-07-16,GBP,EUR,1.171023,DAILY,FX_FEED,True,2025-07-16 00:00:00
2025-07-16,GBP,SGD,1.803989,DAILY,FX_FEED,True,2025-07-16 00:00:00
2025-07-16,SGD,USD,0.75556,DAILY,FX_FEED,True,2025-07-16 00:00:00
2025-07-16,SGD,AUD,1.149428,DAILY,FX_FEED,True,2025-07-16 00:00:00
2025-07-16,SGD,EUR,0.642761,DAILY,FX_FEED,True,2025-07-16 00:00:00
2025-07-16,SGD,GBP,0.5496,DAILY,FX_FEED,True,2025-07-16 00:00:00
2025-07-17,USD,AUD,1.527344,DAILY,FX_FEED,True,2025-07-17 00:00:00
2025-07-17,USD,EUR,0.858169,DAILY,FX_FEED,True,2025-07-17 00:00:00
2025-07-17,USD,GBP,0.726352,DAILY,FX_FEED,True,2025-07-17 00:00:00
2025-07-17,USD,SGD,1.313362,DAILY,FX_FEED,True,2025-07-17 00:00:00
2025-07-17,AUD,USD,0.666793,DAILY,FX_FEED,True,2025-07-17 00:00:00
2025-07-17,AUD,EUR,0.561336,DAILY,FX_FEED,True,2025-07-17 00:00:00
2025-07-17,AUD,GBP,0.484496,DAILY,FX_FEED,True,2025-07-17 00:00:00
2025-07-17,AUD,SGD,0.895512,DAILY,FX_FEED,True,2025-07-17 00:00:00
2025-07-17,EUR,USD,1.188037,DAILY,FX_FEED,True,2025-07-17 00:00:00
2025-07-17,EUR,AUD,1.754026,DAILY,FX_FEED,True,2025-07-17 00:00:00
2025-07-17,EUR,GBP,0.869475,DAILY,FX_FEED,True,2025-07-17 00:00:00
2025-07-17,EUR,SGD,1.555088,DAILY,FX_FEED,True,2025-07-17 00:00:00
2025-07-17,GBP,USD,1.36617,DAILY,FX_FEED,True,2025-07-17 00:00:00
2025-07-17,GBP,AUD,2.062674,DAILY,FX_FEED,True,2025-07-17 00:00:00
2025-07-17,GBP,EUR,1.160318,DAILY,FX_FEED,True,2025-07-17 00:00:00
2025-07-17,GBP,SGD,1.775848,DAILY,FX_FEED,True,2025-07-17 00:00:00
2025-07-17,SGD,USD,0.75466,DAILY,FX_FEED,True,2025-07-17 00:00:00
2025-07-17,SGD,AUD,1.149066,DAILY,FX_FEED,True,2025-07-17 00:00:00
2025-07-17,SGD,EUR,0.646519,DAILY,FX_FEED,True,2025-07-17 00:00:00
2025-07-17,SGD,GBP,0.558713,DAILY,FX_FEED,True,2025-07-17 00:00:00
2025-07-18,USD,AUD,1.504444,DAILY,FX_FEED,True,2025-07-18 00:00:00
2025-07-18,USD,EUR,0.840216,DAILY,FX_FEED,True,2025-07-18 00:00:00
2025-07-18,USD,GBP,0.748152,DAILY,FX_FEED,True,2025-07-18 00:00:00
2025-07-18,USD,SGD,1.335701,DAILY,FX_FEED,True,2025-07-18 00:00:00
2025-07-18,AUD,USD,0.660569,DAILY,FX_FEED,True,2025-07-18 00:00:00
2025-07-18,AUD,EUR,0.554317,DAILY,FX_FEED,True,2025-07-18 00:00:00
2025-07-18,AUD,GBP,0.478285,DAILY,FX_FEED,True,2025-07-18 00:00:00
2025-07-18,AUD,SGD,0.865852,DAILY,FX_FEED,True,2025-07-18 00:00:00
2025-07-18,EUR,USD,1.163433,DAILY,FX_FEED,True,2025-07-18 00:00:00
2025-07-18,EUR,AUD,1.778491,DAILY,FX_FEED,True,2025-07-18 00:00:00
2025-07-18,EUR,GBP,0.873529,DAILY,FX_FEED,True,2025-07-18 00:00:00
2025-07-18,EUR,SGD,1.548949,DAILY,FX_FEED,True,2025-07-18 00:00:00
2025-07-18,GBP,USD,1.368369,DAILY,FX_FEED,True,2025-07-18 00:00:00
2025-07-18,GBP,AUD,2.035983,DAILY,FX_FEED,True,2025-07-18 00:00:00
2025-07-18,GBP,EUR,1.127708,DAILY,FX_FEED,True,2025-07-18 00:00:00
2025-07-18,GBP,SGD,1.799601,DAILY,FX_FEED,True,2025-07-18 00:00:00
2025-07-18,SGD,USD,0.74085,DAILY,FX_FEED,True,2025-07-18 00:00:00
2025-07-18,SGD,AUD,1.123328,DAILY,FX_FEED,True,2025-07-18 00:00:00
2025-07-18,SGD,EUR,0.641239,DAILY,FX_FEED,True,2025-07-18 00:00:00
2025-07-18,SGD,GBP,0.553565,DAILY,FX_FEED,True,2025-07-18 00:00:00
2025-07-19,USD,AUD,1.515495,DAILY,FX_FEED,True,2025-07-19 00:00:00
2025-07-19,USD,EUR,0.86403,DAILY,FX_FEED,True,2025-07-19 00:00:00
2025-07-19,USD,GBP,0.7478,DAILY,FX_FEED,True,2025-07-19 00:00:00
2025-07-19,USD,SGD,1.358892,DAILY,FX_FEED,True,2025-07-19 00:00:00
2025-07-19,AUD,USD,0.648065,DAILY,FX_FEED,True,2025-07-19 00:00:00
2025-07-19,AUD,EUR,0.558607,DAILY,FX_FEED,True,2025-07-19 00:00:00
2025-07-19,AUD,GBP,0.493269,DAILY,FX_FEED,True,2025-07-19 00:00:00
2025-07-19,AUD,SGD,0.897457,DAILY,FX_FEED,True,2025-07-19 00:00:00
2025-07-19,EUR,USD,1.162375,DAILY,FX_FEED,True,2025-07-19 00:00:00
2025-07-19,EUR,AUD,1.810418,DAILY,FX_FEED,True,2025-07-19 00:00:00
2025-07-19,EUR,GBP,0.85327,DAILY,FX_FEED,True,2025-07-19 00:00:00
2025-07-19,EUR,SGD,1.559579,DAILY,FX_FEED,True,2025-07-19 00:00:00
2025-07-19,GBP,USD,1.358041,DAILY,FX_FEED,True,2025-07-19 00:00:00
2025-07-19,GBP,AUD,2.01699,DAILY,FX_FEED,True,2025-07-19 00:00:00
2025-07-19,GBP,EUR,1.145118,DAILY,FX_FEED,True,2025-07-19 00:00:00
2025-07-19,GBP,SGD,1.807837,DAILY,FX_FEED,True,2025-07-19 00:00:00
2025-07-19,SGD,USD,0.739054,DAILY,FX_FEED,True,2025-07-19 00:00:00
2025-07-19,SGD,AUD,1.139063,DAILY,FX_FEED,True,2025-07-19 00:00:00
2025-07-19,SGD,EUR,0.639308,DAILY,FX_FEED,True,2025-07-19 00:00:00
2025-07-19,SGD,GBP,0.553008,DAILY,FX_FEED,True,2025-07-19 00:00:00
2025-07-20,USD,AUD,1.531905,DAILY,FX_FEED,True,2025-07-20 00:00:00
2025-07-20,USD,EUR,0.861521,DAILY,FX_FEED,True,2025-07-20 00:00:00
2025-07-20,USD,GBP,0.738794,DAILY,FX_FEED,True,2025-07-20 00:00:00
2025-07-20,USD,SGD,1.358706,DAILY,FX_FEED,True,2025-07-20 00:00:00
2025-07-20,AUD,USD,0.666582,DAILY,FX_FEED,True,2025-07-20 00:00:00
2025-07-20,AUD,EUR,0.562759,DAILY,FX_FEED,True,2025-07-20 00:00:00
2025-07-20,AUD,GBP,0.493728,DAILY,FX_FEED,True,2025-07-20 00:00:00
2025-07-20,AUD,SGD,0.879353,DAILY,FX_FEED,True,2025-07-20 00:00:00
2025-07-20,EUR,USD,1.163136,DAILY,FX_FEED,True,2025-07-20 00:00:00
2025-07-20,EUR,AUD,1.821846,DAILY,FX_FEED,True,2025-07-20 00:00:00
2025-07-20,EUR,GBP,0.872838,DAILY,FX_FEED,True,2025-07-20 00:00:00
2025-07-20,EUR,SGD,1.55271,DAILY,FX_FEED,True,2025-07-20 00:00:00
2025-07-20,GBP,USD,1.342204,DAILY,FX_FEED,True,2025-07-20 00:00:00
2025-07-20,GBP,AUD,2.0667,DAILY,FX_FEED,True,2025-07-20 00:00:00
2025-07-20,GBP,EUR,1.142055,DAILY,FX_FEED,True,2025-07-20 00:00:00
2025-07-20,GBP,SGD,1.838714,DAILY,FX_FEED,True,2025-07-20 00:00:00
2025-07-20,SGD,USD,0.731698,DAILY,FX_FEED,True,2025-07-20 00:00:00
2025-07-20,SGD,AUD,1.133263,DAILY,FX_FEED,True,2025-07-20 00:00:00
2025-07-20,SGD,EUR,0.626211,DAILY,FX_FEED,True,2025-07-20 00:00:00
2025-07-20,SGD,GBP,0.563075,DAILY,FX_FEED,True,2025-07-20 00:00:00
2025-07-21,USD,AUD,1.518561,DAILY,FX_FEED,True,2025-07-21 00:00:00
2025-07-21,USD,EUR,0.840724,DAILY,FX_FEED,True,2025-07-21 00:00:00
2025-07-21,USD,GBP,0.730321,DAILY,FX_FEED,True,2025-07-21 00:00:00
2025-07-21,USD,SGD,1.342398,DAILY,FX_FEED,True,2025-07-21 00:00:00
2025-07-21,AUD,USD,0.64522,DAILY,FX_FEED,True,2025-07-21 00:00:00
2025-07-21,AUD,EUR,0.552456,DAILY,FX_FEED,True,2025-07-21 00:00:00
2025-07-21,AUD,GBP,0.491783,DAILY,FX_FEED,True,2025-07-21 00:00:00
2025-07-21,AUD,SGD,0.894661,DAILY,FX_FEED,True,2025-07-21 00:00:00
2025-07-21,EUR,USD,1.156991,DAILY,FX_FEED,True,2025-07-21 00:00:00
2025-07-21,EUR,AUD,1.78793,DAILY,FX_FEED,True,2025-07-21 00:00:00
2025-07-21,EUR,GBP,0.88295,DAILY,FX_FEED,True,2025-07-21 00:00:00
2025-07-21,EUR,SGD,1.582346,DAILY,FX_FEED,True,2025-07-21 00:00:00
2025-07-21,GBP,USD,1.336825,DAILY,FX_FEED,True,2025-07-21 00:00:00
2025-07-21,GBP,AUD,2.077552,DAILY,FX_FEED,True,2025-07-21 00:00:00
2025-07-21,GBP,EUR,1.151497,DAILY,FX_FEED,True,2025-07-21 00:00:00
2025-07-21,GBP,SGD,1.836461,DAILY,FX_FEED,True,2025-07-21 00:00:00
2025-07-21,SGD,USD,0.753565,DAILY,FX_FEED,True,2025-07-21 00:00:00
2025-07-21,SGD,AUD,1.129061,DAILY,FX_FEED,True,2025-07-21 00:00:00
2025-07-21,SGD,EUR,0.641837,DAILY,FX_FEED,True,2025-07-21 00:00:00
2025-07-21,SGD,GBP,0.542944,DAILY,FX_FEED,True,2025-07-21 00:00:00
2025-07-22,USD,AUD,1.51111,DAILY,FX_FEED,True,2025-07-22 00:00:00
2025-07-22,USD,EUR,0.839529,DAILY,FX_FEED,True,2025-07-22 00:00:00
2025-07-22,USD,GBP,0.752624,DAILY,FX_FEED,True,2025-07-22 00:00:00
2025-07-22,USD,SGD,1.351524,DAILY,FX_FEED,True,2025-07-22 00:00:00
2025-07-22,AUD,USD,0.664966,DAILY,FX_FEED,True,2025-07-22 00:00:00
2025-07-22,AUD,EUR,0.550283,DAILY,FX_FEED,True,2025-07-22 00:00:00
2025-07-22,AUD,GBP,0.484417,DAILY,FX_FEED,True,2025-07-22 00:00:00
2025-07-22,AUD,SGD,0.864524,DAILY,FX_FEED,True,2025-07-22 00:00:00
2025-07-22,EUR,USD,1.188154,DAILY,FX_FEED,True,2025-07-22 00:00:00
2025-07-22,EUR,AUD,1.795073,DAILY,FX_FEED,True,2025-07-22 00:00:00
2025-07-22,EUR,GBP,0.864878,DAILY,FX_FEED,True,2025-07-22 00:00:00
2025-07-22,EUR,SGD,1.578292,DAILY,FX_FEED,True,2025-07-22 00:00:00
2025-07-22,GBP,USD,1.335165,DAILY,FX_FEED,True,2025-07-22 00:00:00
2025-07-22,GBP,AUD,2.020402,DAILY,FX_FEED,True,2025-07-22 00:00:00
2025-07-22,GBP,EUR,1.144384,DAILY,FX_FEED,True,2025-07-22 00:00:00
2025-07-22,GBP,SGD,1.786697,DAILY,FX_FEED,True,2025-07-22 00:00:00
2025-07-22,SGD,USD,0.755516,DAILY,FX_FEED,True,2025-07-22 00:00:00
2025-07-22,SGD,AUD,1.115673,DAILY,FX_FEED,True,2025-07-22 00:00:00
2025-07-22,SGD,EUR,0.633643,DAILY,FX_FEED,True,2025-07-22 00:00:00
2025-07-22,SGD,GBP,0.553903,DAILY,FX_FEED,True,2025-07-22 00:00:00
2025-07-23,USD,AUD,1.532691,DAILY,FX_FEED,True,2025-07-23 00:00:00
2025-07-23,USD,EUR,0.856773,DAILY,FX_FEED,True,2025-07-23 00:00:00
2025-07-23,USD,GBP,0.732515,DAILY,FX_FEED,True,2025-07-23 00:00:00
2025-07-23,USD,SGD,1.348531,DAILY,FX_FEED,True,2025-07-23 00:00:00
2025-07-23,AUD,USD,0.664046,DAILY,FX_FEED,True,2025-07-23 00:00:00
2025-07-23,AUD,EUR,0.552754,DAILY,FX_FEED,True,2025-07-23 00:00:00
2025-07-23,AUD,GBP,0.479897,DAILY,FX_FEED,True,2025-07-23 00:00:00
2025-07-23,AUD,SGD,0.865999,DAILY,FX_FEED,True,2025-07-23 00:00:00
2025-07-23,EUR,USD,1.184683,DAILY,FX_FEED,True,2025-07-23 00:00:00
2025-07-23,EUR,AUD,1.766531,DAILY,FX_FEED,True,2025-07-23 00:00:00
2025-07-23,EUR,GBP,0.856814,DAILY,FX_FEED,True,2025-07-23 00:00:00
2025-07-23,EUR,SGD,1.54706,DAILY,FX_FEED,True,2025-07-23 00:00:00
2025-07-23,GBP,USD,1.330856,DAILY,FX_FEED,True,2025-07-23 00:00:00
2025-07-23,GBP,AUD,2.055368,DAILY,FX_FEED,True,2025-07-23 00:00:00
2025-07-23,GBP,EUR,1.157915,DAILY,FX_FEED,True,2025-07-23 00:00:00
2025-07-23,GBP,SGD,1.832795,DAILY,FX_FEED,True,2025-07-23 00:00:00
2025-07-23,SGD,USD,0.754516,DAILY,FX_FEED,True,2025-07-23 00:00:00
2025-07-23,SGD,AUD,1.143215,DAILY,FX_FEED,True,2025-07-23 00:00:00
2025-07-23,SGD,EUR,0.629372,DAILY,FX_FEED,True,2025-07-23 00:00:00
2025-07-23,SGD,GBP,0.547946,DAILY,FX_FEED,True,2025-07-23 00:00:00
2025-07-24,USD,AUD,1.523218,DAILY,FX_FEED,True,2025-07-24 00:00:00
2025-07-24,USD,EUR,0.849457,DAILY,FX_FEED,True,2025-07-24 00:00:00
2025-07-24,USD,GBP,0.737391,DAILY,FX_FEED,True,2025-07-24 00:00:00
2025-07-24,USD,SGD,1.341425,DAILY,FX_FEED,True,2025-07-24 00:00:00
2025-07-24,AUD,USD,0.64759,DAILY,FX_FEED,True,2025-07-24 00:00:00
2025-07-24,AUD,EUR,0.564726,DAILY,FX_FEED,True,2025-07-24 00:00:00
2025-07-24,AUD,GBP,0.477191,DAILY,FX_FEED,True,2025-07-24 00:00:00
2025-07-24,AUD,SGD,0.894581,DAILY,FX_FEED,True,2025-07-24 00:00:00
2025-07-24,EUR,USD,1.1938,DAILY,FX_FEED,True,2025-07-24 00:00:00
2025-07-24,EUR,AUD,1.806473,DAILY,FX_FEED,True,2025-07-24 00:00:00
2025-07-24,EUR,GBP,0.881675,DAILY,FX_FEED,True,2025-07-24 00:00:00
2025-07-24,EUR,SGD,1.546896,DAILY,FX_FEED,True,2025-07-24 00:00:00
2025-07-24,GBP,USD,1.356353,DAILY,FX_FEED,True,2025-07-24 00:00:00
2025-07-24,GBP,AUD,2.082769,DAILY,FX_FEED,True,2025-07-24 00:00:00
2025-07-24,GBP,EUR,1.131566,DAILY,FX_FEED,True,2025-07-24 00:00:00
2025-07-24,GBP,SGD,1.836816,DAILY,FX_FEED,True,2025-07-24 00:00:00
2025-07-24,SGD,USD,0.742571,DAILY,FX_FEED,True,2025-07-24 00:00:00
2025-07-24,SGD,AUD,1.141803,DAILY,FX_FEED,True,2025-07-24 00:00:00
2025-07-24,SGD,EUR,0.628999,DAILY,FX_FEED,True,2025-07-24 00:00:00
2025-07-24,SGD,GBP,0.554982,DAILY,FX_FEED,True,2025-07-24 00:00:00
2025-07-25,USD,AUD,1.510739,DAILY,FX_FEED,True,2025-07-25 00:00:00
2025-07-25,USD,EUR,0.852362,DAILY,FX_FEED,True,2025-07-25 00:00:00
2025-07-25,USD,GBP,0.735405,DAILY,FX_FEED,True,2025-07-25 00:00:00
2025-07-25,USD,SGD,1.352346,DAILY,FX_FEED,True,2025-07-25 00:00:00
2025-07-25,AUD,USD,0.650789,DAILY,FX_FEED,True,2025-07-25 00:00:00
2025-07-25,AUD,EUR,0.555176,DAILY,FX_FEED,True,2025-07-25 00:00:00
2025-07-25,AUD,GBP,0.485143,DAILY,FX_FEED,True,2025-07-25 00:00:00
2025-07-25,AUD,SGD,0.887789,DAILY,FX_FEED,True,2025-07-25 00:00:00
2025-07-25,EUR,USD,1.162769,DAILY,FX_FEED,True,2025-07-25 00:00:00
2025-07-25,EUR,AUD,1.791423,DAILY,FX_FEED,True,2025-07-25 00:00:00
2025-07-25,EUR,GBP,0.882726,DAILY,FX_FEED,True,2025-07-25 00:00:00
2025-07-25,EUR,SGD,1.591409,DAILY,FX_FEED,True,2025-07-25 00:00:00
2025-07-25,GBP,USD,1.367407,DAILY,FX_FEED,True,2025-07-25 00:00:00
2025-07-25,GBP,AUD,2.056469,DAILY,FX_FEED,True,2025-07-25 00:00:00
2025-07-25,GBP,EUR,1.130545,DAILY,FX_FEED,True,2025-07-25 00:00:00
2025-07-25,GBP,SGD,1.803179,DAILY,FX_FEED,True,2025-07-25 00:00:00
2025-07-25,SGD,USD,0.758032,DAILY,FX_FEED,True,2025-07-25 00:00:00
2025-07-25,SGD,AUD,1.152125,DAILY,FX_FEED,True,2025-07-25 00:00:00
2025-07-25,SGD,EUR,0.632512,DAILY,FX_FEED,True,2025-07-25 00:00:00
2025-07-25,SGD,GBP,0.546002,DAILY,FX_FEED,True,2025-07-25 00:00:00
2025-07-26,USD,AUD,1.513743,DAILY,FX_FEED,True,2025-07-26 00:00:00
2025-07-26,USD,EUR,0.857506,DAILY,FX_FEED,True,2025-07-26 00:00:00
2025-07-26,USD,GBP,0.747931,DAILY,FX_FEED,True,2025-07-26 00:00:00
2025-07-26,USD,SGD,1.317165,DAILY,FX_FEED,True,2025-07-26 00:00:00
2025-07-26,AUD,USD,0.662411,DAILY,FX_FEED,True,2025-07-26 00:00:00
2025-07-26,AUD,EUR,0.557348,DAILY,FX_FEED,True,2025-07-26 00:00:00
2025-07-26,AUD,GBP,0.481798,DAILY,FX_FEED,True,2025-07-26 00:00:00
2025-07-26,AUD,SGD,0.880075,DAILY,FX_FEED,True,2025-07-26 00:00:00
2025-07-26,EUR,USD,1.15538,DAILY,FX_FEED,True,2025-07-26 00:00:00
2025-07-26,EUR,AUD,1.780724,DAILY,FX_FEED,True,2025-07-26 00:00:00
2025-07-26,EUR,GBP,0.877436,DAILY,FX_FEED,True,2025-07-26 00:00:00
2025-07-26,EUR,SGD,1.585799,DAILY,FX_FEED,True,2025-07-26 00:00:00
2025-07-26,GBP,USD,1.370869,DAILY,FX_FEED,True,2025-07-26 00:00:00
2025-07-26,GBP,AUD,2.087653,DAILY,FX_FEED,True,2025-07-26 00:00:00
2025-07-26,GBP,EUR,1.161303,DAILY,FX_FEED,True,2025-07-26 00:00:00
2025-07-26,GBP,SGD,1.814908,DAILY,FX_FEED,True,2025-07-26 00:00:00
2025-07-26,SGD,USD,0.734305,DAILY,FX_FEED,True,2025-07-26 00:00:00
2025-07-26,SGD,AUD,1.118299,DAILY,FX_FEED,True,2025-07-26 00:00:00
2025-07-26,SGD,EUR,0.622387,DAILY,FX_FEED,True,2025-07-26 00:00:00
2025-07-26,SGD,GBP,0.549229,DAILY,FX_FEED,True,2025-07-26 00:00:00
2025-07-27,USD,AUD,1.49724,DAILY,FX_FEED,True,2025-07-27 00:00:00
2025-07-27,USD,EUR,0.858822,DAILY,FX_FEED,True,2025-07-27 00:00:00
2025-07-27,USD,GBP,0.742808,DAILY,FX_FEED,True,2025-07-27 00:00:00
2025-07-27,USD,SGD,1.316671,DAILY,FX_FEED,True,2025-07-27 00:00:00
2025-07-27,AUD,USD,0.653775,DAILY,FX_FEED,True,2025-07-27 00:00:00
2025-07-27,AUD,EUR,0.55549,DAILY,FX_FEED,True,2025-07-27 00:00:00
2025-07-27,AUD,GBP,0.495446,DAILY,FX_FEED,True,2025-07-27 00:00:00
2025-07-27,AUD,SGD,0.898941,DAILY,FX_FEED,True,2025-07-27 00:00:00
2025-07-27,EUR,USD,1.19096,DAILY,FX_FEED,True,2025-07-27 00:00:00
2025-07-27,EUR,AUD,1.781218,DAILY,FX_FEED,True,2025-07-27 00:00:00
2025-07-27,EUR,GBP,0.885643,DAILY,FX_FEED,True,2025-07-27 00:00:00
2025-07-27,EUR,SGD,1.572761,DAILY,FX_FEED,True,2025-07-27 00:00:00
2025-07-27,GBP,USD,1.356602,DAILY,FX_FEED,True,2025-07-27 00:00:00
2025-07-27,GBP,AUD,2.037406,DAILY,FX_FEED,True,2025-07-27 00:00:00
2025-07-27,GBP,EUR,1.134801,DAILY,FX_FEED,True,2025-07-27 00:00:00
2025-07-27,GBP,SGD,1.813094,DAILY,FX_FEED,True,2025-07-27 00:00:00
2025-07-27,SGD,USD,0.734703,DAILY,FX_FEED,True,2025-07-27 00:00:00
2025-07-27,SGD,AUD,1.116891,DAILY,FX_FEED,True,2025-07-27 00:00:00
2025-07-27,SGD,EUR,0.639622,DAILY,FX_FEED,True,2025-07-27 00:00:00
2025-07-27,SGD,GBP,0.548852,DAILY,FX_FEED,True,2025-07-27 00:00:00
2025-07-28,USD,AUD,1.546011,DAILY,FX_FEED,True,2025-07-28 00:00:00
2025-07-28,USD,EUR,0.860175,DAILY,FX_FEED,True,2025-07-28 00:00:00
2025-07-28,USD,GBP,0.75042,DAILY,FX_FEED,True,2025-07-28 00:00:00
2025-07-28,USD,SGD,1.348414,DAILY,FX_FEED,True,2025-07-28 00:00:00
2025-07-28,AUD,USD,0.645301,DAILY,FX_FEED,True,2025-07-28 00:00:00
2025-07-28,AUD,EUR,0.553251,DAILY,FX_FEED,True,2025-07-28 00:00:00
2025-07-28,AUD,GBP,0.484954,DAILY,FX_FEED,True,2025-07-28 00:00:00
2025-07-28,AUD,SGD,0.894923,DAILY,FX_FEED,True,2025-07-28 00:00:00
2025-07-28,EUR,USD,1.184309,DAILY,FX_FEED,True,2025-07-28 00:00:00
2025-07-28,EUR,AUD,1.756853,DAILY,FX_FEED,True,2025-07-28 00:00:00
2025-07-28,EUR,GBP,0.865061,DAILY,FX_FEED,True,2025-07-28 00:00:00
2025-07-28,EUR,SGD,1.594567,DAILY,FX_FEED,True,2025-07-28 00:00:00
2025-07-28,GBP,USD,1.367741,DAILY,FX_FEED,True,2025-07-28 00:00:00
2025-07-28,GBP,AUD,2.027172,DAILY,FX_FEED,True,2025-07-28 00:00:00
2025-07-28,GBP,EUR,1.148178,DAILY,FX_FEED,True,2025-07-28 00:00:00
2025-07-28,GBP,SGD,1.820456,DAILY,FX_FEED,True,2025-07-28 00:00:00
2025-07-28,SGD,USD,0.742258,DAILY,FX_FEED,True,2025-07-28 00:00:00
2025-07-28,SGD,AUD,1.12675,DAILY,FX_FEED,True,2025-07-28 00:00:00
2025-07-28,SGD,EUR,0.621948,DAILY,FX_FEED,True,2025-07-28 00:00:00
2025-07-28,SGD,GBP,0.547476,DAILY,FX_FEED,True,2025-07-28 00:00:00
2025-07-29,USD,AUD,1.503411,DAILY,FX_FEED,True,2025-07-29 00:00:00
2025-07-29,USD,EUR,0.838351,DAILY,FX_FEED,True,2025-07-29 00:00:00
2025-07-29,USD,GBP,0.751725,DAILY,FX_FEED,True,2025-07-29 00:00:00
2025-07-29,USD,SGD,1.347673,DAILY,FX_FEED,True,2025-07-29 00:00:00
2025-07-29,AUD,USD,0.65902,DAILY,FX_FEED,True,2025-07-29 00:00:00
2025-07-29,AUD,EUR,0.55965,DAILY,FX_FEED,True,2025-07-29 00:00:00
2025-07-29,AUD,GBP,0.494205,DAILY,FX_FEED,True,2025-07-29 00:00:00
2025-07-29,AUD,SGD,0.866703,DAILY,FX_FEED,True,2025-07-29 00:00:00
2025-07-29,EUR,USD,1.192579,DAILY,FX_FEED,True,2025-07-29 00:00:00
2025-07-29,EUR,AUD,1.794278,DAILY,FX_FEED,True,2025-07-29 00:00:00
2025-07-29,EUR,GBP,0.87039,DAILY,FX_FEED,True,2025-07-29 00:00:00
2025-07-29,EUR,SGD,1.595298,DAILY,FX_FEED,True,2025-07-29 00:00:00
2025-07-29,GBP,USD,1.341718,DAILY,FX_FEED,True,2025-07-29 00:00:00
2025-07-29,GBP,AUD,2.083045,DAILY,FX_FEED,True,2025-07-29 00:00:00
2025-07-29,GBP,EUR,1.145032,DAILY,FX_FEED,True,2025-07-29 00:00:00
2025-07-29,GBP,SGD,1.824182,DAILY,FX_FEED,True,2025-07-29 00:00:00
2025-07-29,SGD,USD,0.759557,DAILY,FX_FEED,True,2025-07-29 00:00:00
2025-07-29,SGD,AUD,1.123916,DAILY,FX_FEED,True,2025-07-29 00:00:00
2025-07-29,SGD,EUR,0.646689,DAILY,FX_FEED,True,2025-07-29 00:00:00
2025-07-29,SGD,GBP,0.555265,DAILY,FX_FEED,True,2025-07-29 00:00:00
2025-07-30,USD,AUD,1.530775,DAILY,FX_FEED,True,2025-07-30 00:00:00
2025-07-30,USD,EUR,0.860101,DAILY,FX_FEED,True,2025-07-30 00:00:00
2025-07-30,USD,GBP,0.754175,DAILY,FX_FEED,True,2025-07-30 00:00:00
2025-07-30,USD,SGD,1.365134,DAILY,FX_FEED,True,2025-07-30 00:00:00
2025-07-30,AUD,USD,0.660836,DAILY,FX_FEED,True,2025-07-30 00:00:00
2025-07-30,AUD,EUR,0.569114,DAILY,FX_FEED,True,2025-07-30 00:00:00
2025-07-30,AUD,GBP,0.494103,DAILY,FX_FEED,True,2025-07-30 00:00:00
2025-07-30,AUD,SGD,0.882218,DAILY,FX_FEED,True,2025-07-30 00:00:00
2025-07-30,EUR,USD,1.16749,DAILY,FX_FEED,True,2025-07-30 00:00:00
2025-07-30,EUR,AUD,1.822097,DAILY,FX_FEED,True,2025-07-30 00:00:00
2025-07-30,EUR,GBP,0.867147,DAILY,FX_FEED,True,2025-07-30 00:00:00
2025-07-30,EUR,SGD,1.590037,DAILY,FX_FEED,True,2025-07-30 00:00:00
2025-07-30,GBP,USD,1.375133,DAILY,FX_FEED,True,2025-07-30 00:00:00
2025-07-30,GBP,AUD,2.038841,DAILY,FX_FEED,True,2025-07-30 00:00:00
2025-07-30,GBP,EUR,1.14966,DAILY,FX_FEED,True,2025-07-30 00:00:00
2025-07-30,GBP,SGD,1.7842,DAILY,FX_FEED,True,2025-07-30 00:00:00
2025-07-30,SGD,USD,0.747514,DAILY,FX_FEED,True,2025-07-30 00:00:00
2025-07-30,SGD,AUD,1.125862,DAILY,FX_FEED,True,2025-07-30 00:00:00
2025-07-30,SGD,EUR,0.645123,DAILY,FX_FEED,True,2025-07-30 00:00:00
2025-07-30,SGD,GBP,0.559961,DAILY,FX_FEED,True,2025-07-30 00:00:00
2025-07-31,USD,AUD,1.535727,DAILY,FX_FEED,True,2025-07-31 00:00:00
2025-07-31,USD,EUR,0.842559,DAILY,FX_FEED,True,2025-07-31 00:00:00
2025-07-31,USD,GBP,0.73739,DAILY,FX_FEED,True,2025-07-31 00:00:00
2025-07-31,USD,SGD,1.317839,DAILY,FX_FEED,True,2025-07-31 00:00:00
2025-07-31,AUD,USD,0.655438,DAILY,FX_FEED,True,2025-07-31 00:00:00
2025-07-31,AUD,EUR,0.569749,DAILY,FX_FEED,True,2025-07-31 00:00:00
2025-07-31,AUD,GBP,0.479445,DAILY,FX_FEED,True,2025-07-31 00:00:00
2025-07-31,AUD,SGD,0.886507,DAILY,FX_FEED,True,2025-07-31 00:00:00
2025-07-31,EUR,USD,1.165673,DAILY,FX_FEED,True,2025-07-31 00:00:00
2025-07-31,EUR,AUD,1.77228,DAILY,FX_FEED,True,2025-07-31 00:00:00
2025-07-31,EUR,GBP,0.875015,DAILY,FX_FEED,True,2025-07-31 00:00:00
2025-07-31,EUR,SGD,1.573131,DAILY,FX_FEED,True,2025-07-31 00:00:00
2025-07-31,GBP,USD,1.334165,DAILY,FX_FEED,True,2025-07-31 00:00:00
2025-07-31,GBP,AUD,2.021729,DAILY,FX_FEED,True,2025-07-31 00:00:00
2025-07-31,GBP,EUR,1.170116,DAILY,FX_FEED,True,2025-07-31 00:00:00
2025-07-31,GBP,SGD,1.784096,DAILY,FX_FEED,True,2025-07-31 00:00:00
2025-07-31,SGD,USD,0.759026,DAILY,FX_FEED,True,2025-07-31 00:00:00
2025-07-31,SGD,AUD,1.148425,DAILY,FX_FEED,True,2025-07-31 00:00:00
2025-07-31,SGD,EUR,0.639227,DAILY,FX_FEED,True,2025-07-31 00:00:00
2025-07-31,SGD,GBP,0.553738,DAILY,FX_FEED,True,2025-07-31 00:00:00
2025-08-01,USD,AUD,1.512508,DAILY,FX_FEED,True,2025-08-01 00:00:00
2025-08-01,USD,EUR,0.852423,DAILY,FX_FEED,True,2025-08-01 00:00:00
2025-08-01,USD,GBP,0.732987,DAILY,FX_FEED,True,2025-08-01 00:00:00
2025-08-01,USD,SGD,1.346079,DAILY,FX_FEED,True,2025-08-01 00:00:00
2025-08-01,AUD,USD,0.669978,DAILY,FX_FEED,True,2025-08-01 00:00:00
2025-08-01,AUD,EUR,0.565203,DAILY,FX_FEED,True,2025-08-01 00:00:00
2025-08-01,AUD,GBP,0.49445,DAILY,FX_FEED,True,2025-08-01 00:00:00
2025-08-01,AUD,SGD,0.8664,DAILY,FX_FEED,True,2025-08-01 00:00:00
2025-08-01,EUR,USD,1.196891,DAILY,FX_FEED,True,2025-08-01 00:00:00
2025-08-01,EUR,AUD,1.775924,DAILY,FX_FEED,True,2025-08-01 00:00:00
2025-08-01,EUR,GBP,0.878813,DAILY,FX_FEED,True,2025-08-01 00:00:00
2025-08-01,EUR,SGD,1.549924,DAILY,FX_FEED,True,2025-08-01 00:00:00
2025-08-01,GBP,USD,1.345495,DAILY,FX_FEED,True,2025-08-01 00:00:00
2025-08-01,GBP,AUD,2.019849,DAILY,FX_FEED,True,2025-08-01 00:00:00
2025-08-01,GBP,EUR,1.166547,DAILY,FX_FEED,True,2025-08-01 00:00:00
2025-08-01,GBP,SGD,1.787813,DAILY,FX_FEED,True,2025-08-01 00:00:00
2025-08-01,SGD,USD,0.737036,DAILY,FX_FEED,True,2025-08-01 00:00:00
2025-08-01,SGD,AUD,1.141789,DAILY,FX_FEED,True,2025-08-01 00:00:00
2025-08-01,SGD,EUR,0.624267,DAILY,FX_FEED,True,2025-08-01 00:00:00
2025-08-01,SGD,GBP,0.553263,DAILY,FX_FEED,True,2025-08-01 00:00:00
2025-08-02,USD,AUD,1.495615,DAILY,FX_FEED,True,2025-08-02 00:00:00
2025-08-02,USD,EUR,0.853542,DAILY,FX_FEED,True,2025-08-02 00:00:00
2025-08-02,USD,GBP,0.744736,DAILY,FX_FEED,True,2025-08-02 00:00:00
2025-08-02,USD,SGD,1.330104,DAILY,FX_FEED,True,2025-08-02 00:00:00
2025-08-02,AUD,USD,0.668857,DAILY,FX_FEED,True,2025-08-02 00:00:00
2025-08-02,AUD,EUR,0.565098,DAILY,FX_FEED,True,2025-08-02 00:00:00
2025-08-02,AUD,GBP,0.493566,DAILY,FX_FEED,True,2025-08-02 00:00:00
2025-08-02,AUD,SGD,0.878153,DAILY,FX_FEED,True,2025-08-02 00:00:00
2025-08-02,EUR,USD,1.187158,DAILY,FX_FEED,True,2025-08-02 00:00:00
2025-08-02,EUR,AUD,1.782573,DAILY,FX_FEED,True,2025-08-02 00:00:00
2025-08-02,EUR,GBP,0.864133,DAILY,FX_FEED,True,2025-08-02 00:00:00
2025-08-02,EUR,SGD,1.580798,DAILY,FX_FEED,True,2025-08-02 00:00:00
2025-08-02,GBP,USD,1.331305,DAILY,FX_FEED,True,2025-08-02 00:00:00
2025-08-02,GBP,AUD,2.081789,DAILY,FX_FEED,True,2025-08-02 00:00:00
2025-08-02,GBP,EUR,1.139399,DAILY,FX_FEED,True,2025-08-02 00:00:00
2025-08-02,GBP,SGD,1.797431,DAILY,FX_FEED,True,2025-08-02 00:00:00
2025-08-02,SGD,USD,0.756895,DAILY,FX_FEED,True,2025-08-02 00:00:00
2025-08-02,SGD,AUD,1.128458,DAILY,FX_FEED,True,2025-08-02 00:00:00
2025-08-02,SGD,EUR,0.632146,DAILY,FX_FEED,True,2025-08-02 00:00:00
2025-08-02,SGD,GBP,0.543729,DAILY,FX_FEED,True,2025-08-02 00:00:00
2025-08-03,USD,AUD,1.502305,DAILY,FX_FEED,True,2025-08-03 00:00:00
2025-08-03,USD,EUR,0.838625,DAILY,FX_FEED,True,2025-08-03 00:00:00
2025-08-03,USD,GBP,0.753099,DAILY,FX_FEED,True,2025-08-03 00:00:00
2025-08-03,USD,SGD,1.323472,DAILY,FX_FEED,True,2025-08-03 00:00:00
2025-08-03,AUD,USD,0.657087,DAILY,FX_FEED,True,2025-08-03 00:00:00
2025-08-03,AUD,EUR,0.568573,DAILY,FX_FEED,True,2025-08-03 00:00:00
2025-08-03,AUD,GBP,0.489807,DAILY,FX_FEED,True,2025-08-03 00:00:00
2025-08-03,AUD,SGD,0.893178,DAILY,FX_FEED,True,2025-08-03 00:00:00
2025-08-03,EUR,USD,1.163526,DAILY,FX_FEED,True,2025-08-03 00:00:00
2025-08-03,EUR,AUD,1.801774,DAILY,FX_FEED,True,2025-08-03 00:00:00
2025-08-03,EUR,GBP,0.86323,DAILY,FX_FEED,True,2025-08-03 00:00:00
2025-08-03,EUR,SGD,1.546289,DAILY,FX_FEED,True,2025-08-03 00:00:00
2025-08-03,GBP,USD,1.342415,DAILY,FX_FEED,True,2025-08-03 00:00:00
2025-08-03,GBP,AUD,2.064108,DAILY,FX_FEED,True,2025-08-03 00:00:00
2025-08-03,GBP,EUR,1.129727,DAILY,FX_FEED,True,2025-08-03 00:00:00
2025-08-03,GBP,SGD,1.838463,DAILY,FX_FEED,True,2025-08-03 00:00:00
2025-08-03,SGD,USD,0.760429,DAILY,FX_FEED,True,2025-08-03 00:00:00
2025-08-03,SGD,AUD,1.138074,DAILY,FX_FEED,True,2025-08-03 00:00:00
2025-08-03,SGD,EUR,0.644803,DAILY,FX_FEED,True,2025-08-03 00:00:00
2025-08-03,SGD,GBP,0.555869,DAILY,FX_FEED,True,2025-08-03 00:00:00
2025-08-04,USD,AUD,1.509966,DAILY,FX_FEED,True,2025-08-04 00:00:00
2025-08-04,USD,EUR,0.866922,DAILY,FX_FEED,True,2025-08-04 00:00:00
2025-08-04,USD,GBP,0.74814,DAILY,FX_FEED,True,2025-08-04 00:00:00
2025-08-04,USD,SGD,1.337856,DAILY,FX_FEED,True,2025-08-04 00:00:00
2025-08-04,AUD,USD,0.664576,DAILY,FX_FEED,True,2025-08-04 00:00:00
2025-08-04,AUD,EUR,0.561136,DAILY,FX_FEED,True,2025-08-04 00:00:00
2025-08-04,AUD,GBP,0.492831,DAILY,FX_FEED,True,2025-08-04 00:00:00
2025-08-04,AUD,SGD,0.865803,DAILY,FX_FEED,True,2025-08-04 00:00:00
2025-08-04,EUR,USD,1.163964,DAILY,FX_FEED,True,2025-08-04 00:00:00
2025-08-04,EUR,AUD,1.79158,DAILY,FX_FEED,True,2025-08-04 00:00:00
2025-08-04,EUR,GBP,0.874095,DAILY,FX_FEED,True,2025-08-04 00:00:00
2025-08-04,EUR,SGD,1.548901,DAILY,FX_FEED,True,2025-08-04 00:00:00
2025-08-04,GBP,USD,1.352194,DAILY,FX_FEED,True,2025-08-04 00:00:00
2025-08-04,GBP,AUD,2.045488,DAILY,FX_FEED,True,2025-08-04 00:00:00
2025-08-04,GBP,EUR,1.162927,DAILY,FX_FEED,True,2025-08-04 00:00:00
2025-08-04,GBP,SGD,1.830875,DAILY,FX_FEED,True,2025-08-04 00:00:00
2025-08-04,SGD,USD,0.746603,DAILY,FX_FEED,True,2025-08-04 00:00:00
2025-08-04,SGD,AUD,1.146953,DAILY,FX_FEED,True,2025-08-04 00:00:00
2025-08-04,SGD,EUR,0.640105,DAILY,FX_FEED,True,2025-08-04 00:00:00
2025-08-04,SGD,GBP,0.55332,DAILY,FX_FEED,True,2025-08-04 00:00:00
2025-08-05,USD,AUD,1.502642,DAILY,FX_FEED,True,2025-08-05 00:00:00
2025-08-05,USD,EUR,0.850923,DAILY,FX_FEED,True,2025-08-05 00:00:00
2025-08-05,USD,GBP,0.740618,DAILY,FX_FEED,True,2025-08-05 00:00:00
2025-08-05,USD,SGD,1.342727,DAILY,FX_FEED,True,2025-08-05 00:00:00
2025-08-05,AUD,USD,0.661795,DAILY,FX_FEED,True,2025-08-05 00:00:00
2025-08-05,AUD,EUR,0.550013,DAILY,FX_FEED,True,2025-08-05 00:00:00
2025-08-05,AUD,GBP,0.477207,DAILY,FX_FEED,True,2025-08-05 00:00:00
2025-08-05,AUD,SGD,0.894356,DAILY,FX_FEED,True,2025-08-05 00:00:00
2025-08-05,EUR,USD,1.158947,DAILY,FX_FEED,True,2025-08-05 00:00:00
2025-08-05,EUR,AUD,1.817211,DAILY,FX_FEED,True,2025-08-05 00:00:00
2025-08-05,EUR,GBP,0.865613,DAILY,FX_FEED,True,2025-08-05 00:00:00
2025-08-05,EUR,SGD,1.576516,DAILY,FX_FEED,True,2025-08-05 00:00:00
2025-08-05,GBP,USD,1.339842,DAILY,FX_FEED,True,2025-08-05 00:00:00
2025-08-05,GBP,AUD,2.063055,DAILY,FX_FEED,True,2025-08-05 00:00:00
2025-08-05,GBP,EUR,1.15145,DAILY,FX_FEED,True,2025-08-05 00:00:00
2025-08-05,GBP,SGD,1.841007,DAILY,FX_FEED,True,2025-08-05 00:00:00
2025-08-05,SGD,USD,0.759367,DAILY,FX_FEED,True,2025-08-05 00:00:00
2025-08-05,SGD,AUD,1.135782,DAILY,FX_FEED,True,2025-08-05 00:00:00
2025-08-05,SGD,EUR,0.628754,DAILY,FX_FEED,True,2025-08-05 00:00:00
2025-08-05,SGD,GBP,0.549214,DAILY,FX_FEED,True,2025-08-05 00:00:00
2025-08-06,USD,AUD,1.497588,DAILY,FX_FEED,True,2025-08-06 00:00:00
2025-08-06,USD,EUR,0.842844,DAILY,FX_FEED,True,2025-08-06 00:00:00
2025-08-06,USD,GBP,0.734051,DAILY,FX_FEED,True,2025-08-06 00:00:00
2025-08-06,USD,SGD,1.315649,DAILY,FX_FEED,True,2025-08-06 00:00:00
2025-08-06,AUD,USD,0.669882,DAILY,FX_FEED,True,2025-08-06 00:00:00
2025-08-06,AUD,EUR,0.559822,DAILY,FX_FEED,True,2025-08-06 00:00:00
2025-08-06,AUD,GBP,0.492179,DAILY,FX_FEED,True,2025-08-06 00:00:00
2025-08-06,AUD,SGD,0.886283,DAILY,FX_FEED,True,2025-08-06 00:00:00
2025-08-06,EUR,USD,1.179771,DAILY,FX_FEED,True,2025-08-06 00:00:00
2025-08-06,EUR,AUD,1.820877,DAILY,FX_FEED,True,2025-08-06 00:00:00
2025-08-06,EUR,GBP,0.880042,DAILY,FX_FEED,True,2025-08-06 00:00:00
2025-08-06,EUR,SGD,1.569829,DAILY,FX_FEED,True,2025-08-06 00:00:00
2025-08-06,GBP,USD,1.327128,DAILY,FX_FEED,True,2025-08-06 00:00:00
2025-08-06,GBP,AUD,2.014669,DAILY,FX_FEED,True,2025-08-06 00:00:00
2025-08-06,GBP,EUR,1.170327,DAILY,FX_FEED,True,2025-08-06 00:00:00
2025-08-06,GBP,SGD,1.822662,DAILY,FX_FEED,True,2025-08-06 00:00:00
2025-08-06,SGD,USD,0.760978,DAILY,FX_FEED,True,2025-08-06 00:00:00
2025-08-06,SGD,AUD,1.13598,DAILY,FX_FEED,True,2025-08-06 00:00:00
2025-08-06,SGD,EUR,0.636562,DAILY,FX_FEED,True,2025-08-06 00:00:00
2025-08-06,SGD,GBP,0.561185,DAILY,FX_FEED,True,2025-08-06 00:00:00
2025-08-07,USD,AUD,1.519204,DAILY,FX_FEED,True,2025-08-07 00:00:00
2025-08-07,USD,EUR,0.85717,DAILY,FX_FEED,True,2025-08-07 00:00:00
2025-08-07,USD,GBP,0.751437,DAILY,FX_FEED,True,2025-08-07 00:00:00
2025-08-07,USD,SGD,1.334205,DAILY,FX_FEED,True,2025-08-07 00:00:00
2025-08-07,AUD,USD,0.64673,DAILY,FX_FEED,True,2025-08-07 00:00:00
2025-08-07,AUD,EUR,0.551265,DAILY,FX_FEED,True,2025-08-07 00:00:00
2025-08-07,AUD,GBP,0.493169,DAILY,FX_FEED,True,2025-08-07 00:00:00
2025-08-07,AUD,SGD,0.88583,DAILY,FX_FEED,True,2025-08-07 00:00:00
2025-08-07,EUR,USD,1.166771,DAILY,FX_FEED,True,2025-08-07 00:00:00
2025-08-07,EUR,AUD,1.801562,DAILY,FX_FEED,True,2025-08-07 00:00:00
2025-08-07,EUR,GBP,0.886738,DAILY,FX_FEED,True,2025-08-07 00:00:00
2025-08-07,EUR,SGD,1.578759,DAILY,FX_FEED,True,2025-08-07 00:00:00
2025-08-07,GBP,USD,1.376602,DAILY,FX_FEED,True,2025-08-07 00:00:00
2025-08-07,GBP,AUD,2.022149,DAILY,FX_FEED,True,2025-08-07 00:00:00
2025-08-07,GBP,EUR,1.141165,DAILY,FX_FEED,True,2025-08-07 00:00:00
2025-08-07,GBP,SGD,1.826407,DAILY,FX_FEED,True,2025-08-07 00:00:00
2025-08-07,SGD,USD,0.759858,DAILY,FX_FEED,True,2025-08-07 00:00:00
2025-08-07,SGD,AUD,1.11396,DAILY,FX_FEED,True,2025-08-07 00:00:00
2025-08-07,SGD,EUR,0.63406,DAILY,FX_FEED,True,2025-08-07 00:00:00
2025-08-07,SGD,GBP,0.561574,DAILY,FX_FEED,True,2025-08-07 00:00:00
2025-08-08,USD,AUD,1.501561,DAILY,FX_FEED,True,2025-08-08 00:00:00
2025-08-08,USD,EUR,0.85394,DAILY,FX_FEED,True,2025-08-08 00:00:00
2025-08-08,USD,GBP,0.751291,DAILY,FX_FEED,True,2025-08-08 00:00:00
2025-08-08,USD,SGD,1.328307,DAILY,FX_FEED,True,2025-08-08 00:00:00
2025-08-08,AUD,USD,0.652576,DAILY,FX_FEED,True,2025-08-08 00:00:00
2025-08-08,AUD,EUR,0.567424,DAILY,FX_FEED,True,2025-08-08 00:00:00
2025-08-08,AUD,GBP,0.488939,DAILY,FX_FEED,True,2025-08-08 00:00:00
2025-08-08,AUD,SGD,0.896218,DAILY,FX_FEED,True,2025-08-08 00:00:00
2025-08-08,EUR,USD,1.181636,DAILY,FX_FEED,True,2025-08-08 00:00:00
2025-08-08,EUR,AUD,1.780526,DAILY,FX_FEED,True,2025-08-08 00:00:00
2025-08-08,EUR,GBP,0.872786,DAILY,FX_FEED,True,2025-08-08 00:00:00
2025-08-08,EUR,SGD,1.587839,DAILY,FX_FEED,True,2025-08-08 00:00:00
2025-08-08,GBP,USD,1.364136,DAILY,FX_FEED,True,2025-08-08 00:00:00
2025-08-08,GBP,AUD,2.055806,DAILY,FX_FEED,True,2025-08-08 00:00:00
2025-08-08,GBP,EUR,1.141761,DAILY,FX_FEED,True,2025-08-08 00:00:00
2025-08-08,GBP,SGD,1.809287,DAILY,FX_FEED,True,2025-08-08 00:00:00
2025-08-08,SGD,USD,0.742236,DAILY,FX_FEED,True,2025-08-08 00:00:00
2025-08-08,SGD,AUD,1.120716,DAILY,FX_FEED,True,2025-08-08 00:00:00
2025-08-08,SGD,EUR,0.636625,DAILY,FX_FEED,True,2025-08-08 00:00:00
2025-08-08,SGD,GBP,0.557687,DAILY,FX_FEED,True,2025-08-08 00:00:00
2025-08-09,USD,AUD,1.499645,DAILY,FX_FEED,True,2025-08-09 00:00:00
2025-08-09,USD,EUR,0.83901,DAILY,FX_FEED,True,2025-08-09 00:00:00
2025-08-09,USD,GBP,0.752474,DAILY,FX_FEED,True,2025-08-09 00:00:00
2025-08-09,USD,SGD,1.327029,DAILY,FX_FEED,True,2025-08-09 00:00:00
2025-08-09,AUD,USD,0.663524,DAILY,FX_FEED,True,2025-08-09 00:00:00
2025-08-09,AUD,EUR,0.564692,DAILY,FX_FEED,True,2025-08-09 00:00:00
2025-08-09,AUD,GBP,0.485238,DAILY,FX_FEED,True,2025-08-09 00:00:00
2025-08-09,AUD,SGD,0.889403,DAILY,FX_FEED,True,2025-08-09 00:00:00
2025-08-09,EUR,USD,1.199277,DAILY,FX_FEED,True,2025-08-09 00:00:00
2025-08-09,EUR,AUD,1.77968,DAILY,FX_FEED,True,2025-08-09 00:00:00
2025-08-09,EUR,GBP,0.860959,DAILY,FX_FEED,True,2025-08-09 00:00:00
2025-08-09,EUR,SGD,1.585168,DAILY,FX_FEED,True,2025-08-09 00:00:00
2025-08-09,GBP,USD,1.34732,DAILY,FX_FEED,True,2025-08-09 00:00:00
2025-08-09,GBP,AUD,2.089353,DAILY,FX_FEED,True,2025-08-09 00:00:00
2025-08-09,GBP,EUR,1.149536,DAILY,FX_FEED,True,2025-08-09 00:00:00
2025-08-09,GBP,SGD,1.812422,DAILY,FX_FEED,True,2025-08-09 00:00:00
2025-08-09,SGD,USD,0.755561,DAILY,FX_FEED,True,2025-08-09 00:00:00
2025-08-09,SGD,AUD,1.123117,DAILY,FX_FEED,True,2025-08-09 00:00:00
2025-08-09,SGD,EUR,0.632669,DAILY,FX_FEED,True,2025-08-09 00:00:00
2025-08-09,SGD,GBP,0.552856,DAILY,FX_FEED,True,2025-08-09 00:00:00
2025-08-10,USD,AUD,1.518716,DAILY,FX_FEED,True,2025-08-10 00:00:00
2025-08-10,USD,EUR,0.845715,DAILY,FX_FEED,True,2025-08-10 00:00:00
2025-08-10,USD,GBP,0.733173,DAILY,FX_FEED,True,2025-08-10 00:00:00
2025-08-10,USD,SGD,1.333219,DAILY,FX_FEED,True,2025-08-10 00:00:00
2025-08-10,AUD,USD,0.663609,DAILY,FX_FEED,True,2025-08-10 00:00:00
2025-08-10,AUD,EUR,0.556376,DAILY,FX_FEED,True,2025-08-10 00:00:00
2025-08-10,AUD,GBP,0.490781,DAILY,FX_FEED,True,2025-08-10 00:00:00
2025-08-10,AUD,SGD,0.891015,DAILY,FX_FEED,True,2025-08-10 00:00:00
2025-08-10,EUR,USD,1.19525,DAILY,FX_FEED,True,2025-08-10 00:00:00
2025-08-10,EUR,AUD,1.798282,DAILY,FX_FEED,True,2025-08-10 00:00:00
2025-08-10,EUR,GBP,0.882936,DAILY,FX_FEED,True,2025-08-10 00:00:00
2025-08-10,EUR,SGD,1.605437,DAILY,FX_FEED,True,2025-08-10 00:00:00
2025-08-10,GBP,USD,1.327747,DAILY,FX_FEED,True,2025-08-10 00:00:00
2025-08-10,GBP,AUD,2.045779,DAILY,FX_FEED,True,2025-08-10 00:00:00
2025-08-10,GBP,EUR,1.162955,DAILY,FX_FEED,True,2025-08-10 00:00:00
2025-08-10,GBP,SGD,1.787515,DAILY,FX_FEED,True,2025-08-10 00:00:00
2025-08-10,SGD,USD,0.738659,DAILY,FX_FEED,True,2025-08-10 00:00:00
2025-08-10,SGD,AUD,1.145964,DAILY,FX_FEED,True,2025-08-10 00:00:00
2025-08-10,SGD,EUR,0.641337,DAILY,FX_FEED,True,2025-08-10 00:00:00
2025-08-10,SGD,GBP,0.557135,DAILY,FX_FEED,True,2025-08-10 00:00:00
2025-08-11,USD,AUD,1.509028,DAILY,FX_FEED,True,2025-08-11 00:00:00
2025-08-11,USD,EUR,0.860515,DAILY,FX_FEED,True,2025-08-11 00:00:00
2025-08-11,USD,GBP,0.746128,DAILY,FX_FEED,True,2025-08-11 00:00:00
2025-08-11,USD,SGD,1.35559,DAILY,FX_FEED,True,2025-08-11 00:00:00
2025-08-11,AUD,USD,0.656652,DAILY,FX_FEED,True,2025-08-11 00:00:00
2025-08-11,AUD,EUR,0.56882,DAILY,FX_FEED,True,2025-08-11 00:00:00
2025-08-11,AUD,GBP,0.490241,DAILY,FX_FEED,True,2025-08-11 00:00:00
2025-08-11,AUD,SGD,0.878941,DAILY,FX_FEED,True,2025-08-11 00:00:00
2025-08-11,EUR,USD,1.191984,DAILY,FX_FEED,True,2025-08-11 00:00:00
2025-08-11,EUR,AUD,1.793918,DAILY,FX_FEED,True,2025-08-11 00:00:00
2025-08-11,EUR,GBP,0.882773,DAILY,FX_FEED,True,2025-08-11 00:00:00
2025-08-11,EUR,SGD,1.597687,DAILY,FX_FEED,True,2025-08-11 00:00:00
2025-08-11,GBP,USD,1.363737,DAILY,FX_FEED,True,2025-08-11 00:00:00
2025-08-11,GBP,AUD,2.016146,DAILY,FX_FEED,True,2025-08-11 00:00:00
2025-08-11,GBP,EUR,1.161426,DAILY,FX_FEED,True,2025-08-11 00:00:00
2025-08-11,GBP,SGD,1.805505,DAILY,FX_FEED,True,2025-08-11 00:00:00
2025-08-11,SGD,USD,0.74547,DAILY,FX_FEED,True,2025-08-11 00:00:00
2025-08-11,SGD,AUD,1.152335,DAILY,FX_FEED,True,2025-08-11 00:00:00
2025-08-11,SGD,EUR,0.622267,DAILY,FX_FEED,True,2025-08-11 00:00:00
2025-08-11,SGD,GBP,0.546369,DAILY,FX_FEED,True,2025-08-11 00:00:00
2025-08-12,USD,AUD,1.510586,DAILY,FX_FEED,True,2025-08-12 00:00:00
2025-08-12,USD,EUR,0.858479,DAILY,FX_FEED,True,2025-08-12 00:00:00
2025-08-12,USD,GBP,0.726665,DAILY,FX_FEED,True,2025-08-12 00:00:00
2025-08-12,USD,SGD,1.317218,DAILY,FX_FEED,True,2025-08-12 00:00:00
2025-08-12,AUD,USD,0.656116,DAILY,FX_FEED,True,2025-08-12 00:00:00
2025-08-12,AUD,EUR,0.567261,DAILY,FX_FEED,True,2025-08-12 00:00:00
2025-08-12,AUD,GBP,0.486415,DAILY,FX_FEED,True,2025-08-12 00:00:00
2025-08-12,AUD,SGD,0.864134,DAILY,FX_FEED,True,2025-08-12 00:00:00
2025-08-12,EUR,USD,1.189147,DAILY,FX_FEED,True,2025-08-12 00:00:00
2025-08-12,EUR,AUD,1.781991,DAILY,FX_FEED,True,2025-08-12 00:00:00
2025-08-12,EUR,GBP,0.883447,DAILY,FX_FEED,True,2025-08-12 00:00:00
2025-08-12,EUR,SGD,1.566814,DAILY,FX_FEED,True,2025-08-12 00:00:00
2025-08-12,GBP,USD,1.329441,DAILY,FX_FEED,True,2025-08-12 00:00:00
2025-08-12,GBP,AUD,2.030024,DAILY,FX_FEED,True,2025-08-12 00:00:00
2025-08-12,GBP,EUR,1.135808,DAILY,FX_FEED,True,2025-08-12 00:00:00
2025-08-12,GBP,SGD,1.843535,DAILY,FX_FEED,True,2025-08-12 00:00:00
2025-08-12,SGD,USD,0.753402,DAILY,FX_FEED,True,2025-08-12 00:00:00
2025-08-12,SGD,AUD,1.115976,DAILY,FX_FEED,True,2025-08-12 00:00:00
2025-08-12,SGD,EUR,0.643048,DAILY,FX_FEED,True,2025-08-12 00:00:00
2025-08-12,SGD,GBP,0.555551,DAILY,FX_FEED,True,2025-08-12 00:00:00
2025-08-13,USD,AUD,1.517391,DAILY,FX_FEED,True,2025-08-13 00:00:00
2025-08-13,USD,EUR,0.864741,DAILY,FX_FEED,True,2025-08-13 00:00:00
2025-08-13,USD,GBP,0.749348,DAILY,FX_FEED,True,2025-08-13 00:00:00
2025-08-13,USD,SGD,1.360235,DAILY,FX_FEED,True,2025-08-13 00:00:00
2025-08-13,AUD,USD,0.663727,DAILY,FX_FEED,True,2025-08-13 00:00:00
2025-08-13,AUD,EUR,0.553355,DAILY,FX_FEED,True,2025-08-13 00:00:00
2025-08-13,AUD,GBP,0.478805,DAILY,FX_FEED,True,2025-08-13 00:00:00
2025-08-13,AUD,SGD,0.883327,DAILY,FX_FEED,True,2025-08-13 00:00:00
2025-08-13,EUR,USD,1.191171,DAILY,FX_FEED,True,2025-08-13 00:00:00
2025-08-13,EUR,AUD,1.81704,DAILY,FX_FEED,True,2025-08-13 00:00:00
2025-08-13,EUR,GBP,0.875482,DAILY,FX_FEED,True,2025-08-13 00:00:00
2025-08-13,EUR,SGD,1.57712,DAILY,FX_FEED,True,2025-08-13 00:00:00
2025-08-13,GBP,USD,1.351385,DAILY,FX_FEED,True,2025-08-13 00:00:00
2025-08-13,GBP,AUD,2.021392,DAILY,FX_FEED,True,2025-08-13 00:00:00
2025-08-13,GBP,EUR,1.159488,DAILY,FX_FEED,True,2025-08-13 00:00:00
2025-08-13,GBP,SGD,1.789191,DAILY,FX_FEED,True,2025-08-13 00:00:00
2025-08-13,SGD,USD,0.745151,DAILY,FX_FEED,True,2025-08-13 00:00:00
2025-08-13,SGD,AUD,1.148339,DAILY,FX_FEED,True,2025-08-13 00:00:00
2025-08-13,SGD,EUR,0.622237,DAILY,FX_FEED,True,2025-08-13 00:00:00
2025-08-13,SGD,GBP,0.553044,DAILY,FX_FEED,True,2025-08-13 00:00:00
2025-08-14,USD,AUD,1.521743,DAILY,FX_FEED,True,2025-08-14 00:00:00
2025-08-14,USD,EUR,0.865754,DAILY,FX_FEED,True,2025-08-14 00:00:00
2025-08-14,USD,GBP,0.74709,DAILY,FX_FEED,True,2025-08-14 00:00:00
2025-08-14,USD,SGD,1.364234,DAILY,FX_FEED,True,2025-08-14 00:00:00
2025-08-14,AUD,USD,0.647428,DAILY,FX_FEED,True,2025-08-14 00:00:00
2025-08-14,AUD,EUR,0.549183,DAILY,FX_FEED,True,2025-08-14 00:00:00
2025-08-14,AUD,GBP,0.490659,DAILY,FX_FEED,True,2025-08-14 00:00:00
2025-08-14,AUD,SGD,0.898454,DAILY,FX_FEED,True,2025-08-14 00:00:00
2025-08-14,EUR,USD,1.196116,DAILY,FX_FEED,True,2025-08-14 00:00:00
2025-08-14,EUR,AUD,1.760855,DAILY,FX_FEED,True,2025-08-14 00:00:00
2025-08-14,EUR,GBP,0.870836,DAILY,FX_FEED,True,2025-08-14 00:00:00
2025-08-14,EUR,SGD,1.565524,DAILY,FX_FEED,True,2025-08-14 00:00:00
2025-08-14,GBP,USD,1.341777,DAILY,FX_FEED,True,2025-08-14 00:00:00
2025-08-14,GBP,AUD,2.05971,DAILY,FX_FEED,True,2025-08-14 00:00:00
2025-08-14,GBP,EUR,1.170231,DAILY,FX_FEED,True,2025-08-14 00:00:00
2025-08-14,GBP,SGD,1.796899,DAILY,FX_FEED,True,2025-08-14 00:00:00
2025-08-14,SGD,USD,0.752363,DAILY,FX_FEED,True,2025-08-14 00:00:00
2025-08-14,SGD,AUD,1.154459,DAILY,FX_FEED,True,2025-08-14 00:00:00
2025-08-14,SGD,EUR,0.633645,DAILY,FX_FEED,True,2025-08-14 00:00:00
2025-08-14,SGD,GBP,0.542393,DAILY,FX_FEED,True,2025-08-14 00:00:00
2025-08-15,USD,AUD,1.5304,DAILY,FX_FEED,True,2025-08-15 00:00:00
2025-08-15,USD,EUR,0.838823,DAILY,FX_FEED,True,2025-08-15 00:00:00
2025-08-15,USD,GBP,0.743447,DAILY,FX_FEED,True,2025-08-15 00:00:00
2025-08-15,USD,SGD,1.319781,DAILY,FX_FEED,True,2025-08-15 00:00:00
2025-08-15,AUD,USD,0.650058,DAILY,FX_FEED,True,2025-08-15 00:00:00
2025-08-15,AUD,EUR,0.55839,DAILY,FX_FEED,True,2025-08-15 00:00:00
2025-08-15,AUD,GBP,0.479363,DAILY,FX_FEED,True,2025-08-15 00:00:00
2025-08-15,AUD,SGD,0.893469,DAILY,FX_FEED,True,2025-08-15 00:00:00
2025-08-15,EUR,USD,1.167618,DAILY,FX_FEED,True,2025-08-15 00:00:00
2025-08-15,EUR,AUD,1.762254,DAILY,FX_FEED,True,2025-08-15 00:00:00
2025-08-15,EUR,GBP,0.880683,DAILY,FX_FEED,True,2025-08-15 00:00:00
2025-08-15,EUR,SGD,1.580281,DAILY,FX_FEED,True,2025-08-15 00:00:00
2025-08-15,GBP,USD,1.324572,DAILY,FX_FEED,True,2025-08-15 00:00:00
2025-08-15,GBP,AUD,2.018716,DAILY,FX_FEED,True,2025-08-15 00:00:00
2025-08-15,GBP,EUR,1.151168,DAILY,FX_FEED,True,2025-08-15 00:00:00
2025-08-15,GBP,SGD,1.815172,DAILY,FX_FEED,True,2025-08-15 00:00:00
2025-08-15,SGD,USD,0.737622,DAILY,FX_FEED,True,2025-08-15 00:00:00
2025-08-15,SGD,AUD,1.150707,DAILY,FX_FEED,True,2025-08-15 00:00:00
2025-08-15,SGD,EUR,0.621732,DAILY,FX_FEED,True,2025-08-15 00:00:00
2025-08-15,SGD,GBP,0.56152,DAILY,FX_FEED,True,2025-08-15 00:00:00
2025-08-16,USD,AUD,1.498036,DAILY,FX_FEED,True,2025-08-16 00:00:00
2025-08-16,USD,EUR,0.850825,DAILY,FX_FEED,True,2025-08-16 00:00:00
2025-08-16,USD,GBP,0.743738,DAILY,FX_FEED,True,2025-08-16 00:00:00
2025-08-16,USD,SGD,1.347778,DAILY,FX_FEED,True,2025-08-16 00:00:00
2025-08-16,AUD,USD,0.654054,DAILY,FX_FEED,True,2025-08-16 00:00:00
2025-08-16,AUD,EUR,0.552205,DAILY,FX_FEED,True,2025-08-16 00:00:00
2025-08-16,AUD,GBP,0.493584,DAILY,FX_FEED,True,2025-08-16 00:00:00
2025-08-16,AUD,SGD,0.86815,DAILY,FX_FEED,True,2025-08-16 00:00:00
2025-08-16,EUR,USD,1.164399,DAILY,FX_FEED,True,2025-08-16 00:00:00
2025-08-16,EUR,AUD,1.774309,DAILY,FX_FEED,True,2025-08-16 00:00:00
2025-08-16,EUR,GBP,0.884667,DAILY,FX_FEED,True,2025-08-16 00:00:00
2025-08-16,EUR,SGD,1.591799,DAILY,FX_FEED,True,2025-08-16 00:00:00
2025-08-16,GBP,USD,1.345525,DAILY,FX_FEED,True,2025-08-16 00:00:00
2025-08-16,GBP,AUD,2.014182,DAILY,FX_FEED,True,2025-08-16 00:00:00
2025-08-16,GBP,EUR,1.166285,DAILY,FX_FEED,True,2025-08-16 00:00:00
2025-08-16,GBP,SGD,1.803873,DAILY,FX_FEED,True,2025-08-16 00:00:00
2025-08-16,SGD,USD,0.752484,DAILY,FX_FEED,True,2025-08-16 00:00:00
2025-08-16,SGD,AUD,1.145551,DAILY,FX_FEED,True,2025-08-16 00:00:00
2025-08-16,SGD,EUR,0.631176,DAILY,FX_FEED,True,2025-08-16 00:00:00
2025-08-16,SGD,GBP,0.548937,DAILY,FX_FEED,True,2025-08-16 00:00:00
2025-08-17,USD,AUD,1.515916,DAILY,FX_FEED,True,2025-08-17 00:00:00
2025-08-17,USD,EUR,0.861364,DAILY,FX_FEED,True,2025-08-17 00:00:00
2025-08-17,USD,GBP,0.743926,DAILY,FX_FEED,True,2025-08-17 00:00:00
2025-08-17,USD,SGD,1.331225,DAILY,FX_FEED,True,2025-08-17 00:00:00
2025-08-17,AUD,USD,0.660468,DAILY,FX_FEED,True,2025-08-17 00:00:00
2025-08-17,AUD,EUR,0.551402,DAILY,FX_FEED,True,2025-08-17 00:00:00
2025-08-17,AUD,GBP,0.487417,DAILY,FX_FEED,True,2025-08-17 00:00:00
2025-08-17,AUD,SGD,0.865719,DAILY,FX_FEED,True,2025-08-17 00:00:00
2025-08-17,EUR,USD,1.171189,DAILY,FX_FEED,True,2025-08-17 00:00:00
2025-08-17,EUR,AUD,1.800832,DAILY,FX_FEED,True,2025-08-17 00:00:00
2025-08-17,EUR,GBP,0.860684,DAILY,FX_FEED,True,2025-08-17 00:00:00
2025-08-17,EUR,SGD,1.606084,DAILY,FX_FEED,True,2025-08-17 00:00:00
2025-08-17,GBP,USD,1.370012,DAILY,FX_FEED,True,2025-08-17 00:00:00
2025-08-17,GBP,AUD,2.072275,DAILY,FX_FEED,True,2025-08-17 00:00:00
2025-08-17,GBP,EUR,1.148706,DAILY,FX_FEED,True,2025-08-17 00:00:00
2025-08-17,GBP,SGD,1.783556,DAILY,FX_FEED,True,2025-08-17 00:00:00
2025-08-17,SGD,USD,0.760544,DAILY,FX_FEED,True,2025-08-17 00:00:00
2025-08-17,SGD,AUD,1.131319,DAILY,FX_FEED,True,2025-08-17 00:00:00
2025-08-17,SGD,EUR,0.644057,DAILY,FX_FEED,True,2025-08-17 00:00:00
2025-08-17,SGD,GBP,0.561188,DAILY,FX_FEED,True,2025-08-17 00:00:00
2025-08-18,USD,AUD,1.546259,DAILY,FX_FEED,True,2025-08-18 00:00:00
2025-08-18,USD,EUR,0.866031,DAILY,FX_FEED,True,2025-08-18 00:00:00
2025-08-18,USD,GBP,0.744247,DAILY,FX_FEED,True,2025-08-18 00:00:00
2025-08-18,USD,SGD,1.336891,DAILY,FX_FEED,True,2025-08-18 00:00:00
2025-08-18,AUD,USD,0.665456,DAILY,FX_FEED,True,2025-08-18 00:00:00
2025-08-18,AUD,EUR,0.563842,DAILY,FX_FEED,True,2025-08-18 00:00:00
2025-08-18,AUD,GBP,0.483694,DAILY,FX_FEED,True,2025-08-18 00:00:00
2025-08-18,AUD,SGD,0.878327,DAILY,FX_FEED,True,2025-08-18 00:00:00
2025-08-18,EUR,USD,1.157427,DAILY,FX_FEED,True,2025-08-18 00:00:00
2025-08-18,EUR,AUD,1.804889,DAILY,FX_FEED,True,2025-08-18 00:00:00
2025-08-18,EUR,GBP,0.861415,DAILY,FX_FEED,True,2025-08-18 00:00:00
2025-08-18,EUR,SGD,1.572017,DAILY,FX_FEED,True,2025-08-18 00:00:00
2025-08-18,GBP,USD,1.343182,DAILY,FX_FEED,True,2025-08-18 00:00:00
2025-08-18,GBP,AUD,2.064862,DAILY,FX_FEED,True,2025-08-18 00:00:00
2025-08-18,GBP,EUR,1.139379,DAILY,FX_FEED,True,2025-08-18 00:00:00
2025-08-18,GBP,SGD,1.840104,DAILY,FX_FEED,True,2025-08-18 00:00:00
2025-08-18,SGD,USD,0.732473,DAILY,FX_FEED,True,2025-08-18 00:00:00
2025-08-18,SGD,AUD,1.129099,DAILY,FX_FEED,True,2025-08-18 00:00:00
2025-08-18,SGD,EUR,0.645361,DAILY,FX_FEED,True,2025-08-18 00:00:00
2025-08-18,SGD,GBP,0.560916,DAILY,FX_FEED,True,2025-08-18 00:00:00
2025-08-19,USD,AUD,1.543217,DAILY,FX_FEED,True,2025-08-19 00:00:00
2025-08-19,USD,EUR,0.835432,DAILY,FX_FEED,True,2025-08-19 00:00:00
2025-08-19,USD,GBP,0.754731,DAILY,FX_FEED,True,2025-08-19 00:00:00
2025-08-19,USD,SGD,1.351009,DAILY,FX_FEED,True,2025-08-19 00:00:00
2025-08-19,AUD,USD,0.660635,DAILY,FX_FEED,True,2025-08-19 00:00:00
2025-08-19,AUD,EUR,0.56735,DAILY,FX_FEED,True,2025-08-19 00:00:00
2025-08-19,AUD,GBP,0.481138,DAILY,FX_FEED,True,2025-08-19 00:00:00
2025-08-19,AUD,SGD,0.882355,DAILY,FX_FEED,True,2025-08-19 00:00:00
2025-08-19,EUR,USD,1.154275,DAILY,FX_FEED,True,2025-08-19 00:00:00
2025-08-19,EUR,AUD,1.757017,DAILY,FX_FEED,True,2025-08-19 00:00:00
2025-08-19,EUR,GBP,0.860496,DAILY,FX_FEED,True,2025-08-19 00:00:00
2025-08-19,EUR,SGD,1.581804,DAILY,FX_FEED,True,2025-08-19 00:00:00
2025-08-19,GBP,USD,1.349728,DAILY,FX_FEED,True,2025-08-19 00:00:00
2025-08-19,GBP,AUD,2.065972,DAILY,FX_FEED,True,2025-08-19 00:00:00
2025-08-19,GBP,EUR,1.126575,DAILY,FX_FEED,True,2025-08-19 00:00:00
2025-08-19,GBP,SGD,1.83982,DAILY,FX_FEED,True,2025-08-19 00:00:00
2025-08-19,SGD,USD,0.734749,DAILY,FX_FEED,True,2025-08-19 00:00:00
2025-08-19,SGD,AUD,1.149305,DAILY,FX_FEED,True,2025-08-19 00:00:00
2025-08-19,SGD,EUR,0.638058,DAILY,FX_FEED,True,2025-08-19 00:00:00
2025-08-19,SGD,GBP,0.557442,DAILY,FX_FEED,True,2025-08-19 00:00:00
2025-08-20,USD,AUD,1.517025,DAILY,FX_FEED,True,2025-08-20 00:00:00
2025-08-20,USD,EUR,0.845285,DAILY,FX_FEED,True,2025-08-20 00:00:00
2025-08-20,USD,GBP,0.726684,DAILY,FX_FEED,True,2025-08-20 00:00:00
2025-08-20,USD,SGD,1.315574,DAILY,FX_FEED,True,2025-08-20 00:00:00
2025-08-20,AUD,USD,0.646638,DAILY,FX_FEED,True,2025-08-20 00:00:00
2025-08-20,AUD,EUR,0.548701,DAILY,FX_FEED,True,2025-08-20 00:00:00
2025-08-20,AUD,GBP,0.480738,DAILY,FX_FEED,True,2025-08-20 00:00:00
2025-08-20,AUD,SGD,0.88662,DAILY,FX_FEED,True,2025-08-20 00:00:00
2025-08-20,EUR,USD,1.174088,DAILY,FX_FEED,True,2025-08-20 00:00:00
2025-08-20,EUR,AUD,1.813526,DAILY,FX_FEED,True,2025-08-20 00:00:00
2025-08-20,EUR,GBP,0.866624,DAILY,FX_FEED,True,2025-08-20 00:00:00
2025-08-20,EUR,SGD,1.573658,DAILY,FX_FEED,True,2025-08-20 00:00:00
2025-08-20,GBP,USD,1.344229,DAILY,FX_FEED,True,2025-08-20 00:00:00
2025-08-20,GBP,AUD,2.075056,DAILY,FX_FEED,True,2025-08-20 00:00:00
2025-08-20,GBP,EUR,1.143572,DAILY,FX_FEED,True,2025-08-20 00:00:00
2025-08-20,GBP,SGD,1.839607,DAILY,FX_FEED,True,2025-08-20 00:00:00
2025-08-20,SGD,USD,0.748989,DAILY,FX_FEED,True,2025-08-20 00:00:00
2025-08-20,SGD,AUD,1.12977,DAILY,FX_FEED,True,2025-08-20 00:00:00
2025-08-20,SGD,EUR,0.629701,DAILY,FX_FEED,True,2025-08-20 00:00:00
2025-08-20,SGD,GBP,0.541961,DAILY,FX_FEED,True,2025-08-20 00:00:00
2025-08-21,USD,AUD,1.491776,DAILY,FX_FEED,True,2025-08-21 00:00:00
2025-08-21,USD,EUR,0.841802,DAILY,FX_FEED,True,2025-08-21 00:00:00
2025-08-21,USD,GBP,0.73416,DAILY,FX_FEED,True,2025-08-21 00:00:00
2025-08-21,USD,SGD,1.328106,DAILY,FX_FEED,True,2025-08-21 00:00:00
2025-08-21,AUD,USD,0.655356,DAILY,FX_FEED,True,2025-08-21 00:00:00
2025-08-21,AUD,EUR,0.570065,DAILY,FX_FEED,True,2025-08-21 00:00:00
2025-08-21,AUD,GBP,0.490453,DAILY,FX_FEED,True,2025-08-21 00:00:00
2025-08-21,AUD,SGD,0.880099,DAILY,FX_FEED,True,2025-08-21 00:00:00
2025-08-21,EUR,USD,1.191515,DAILY,FX_FEED,True,2025-08-21 00:00:00
2025-08-21,EUR,AUD,1.823589,DAILY,FX_FEED,True,2025-08-21 00:00:00
2025-08-21,EUR,GBP,0.857505,DAILY,FX_FEED,True,2025-08-21 00:00:00
2025-08-21,EUR,SGD,1.548237,DAILY,FX_FEED,True,2025-08-21 00:00:00
2025-08-21,GBP,USD,1.332837,DAILY,FX_FEED,True,2025-08-21 00:00:00
2025-08-21,GBP,AUD,2.089428,DAILY,FX_FEED,True,2025-08-21 00:00:00
2025-08-21,GBP,EUR,1.154027,DAILY,FX_FEED,True,2025-08-21 00:00:00
2025-08-21,GBP,SGD,1.803661,DAILY,FX_FEED,True,2025-08-21 00:00:00
2025-08-21,SGD,USD,0.756046,DAILY,FX_FEED,True,2025-08-21 00:00:00
2025-08-21,SGD,AUD,1.145978,DAILY,FX_FEED,True,2025-08-21 00:00:00
2025-08-21,SGD,EUR,0.646673,DAILY,FX_FEED,True,2025-08-21 00:00:00
2025-08-21,SGD,GBP,0.547576,DAILY,FX_FEED,True,2025-08-21 00:00:00
2025-08-22,USD,AUD,1.546478,DAILY,FX_FEED,True,2025-08-22 00:00:00
2025-08-22,USD,EUR,0.865629,DAILY,FX_FEED,True,2025-08-22 00:00:00
2025-08-22,USD,GBP,0.753131,DAILY,FX_FEED,True,2025-08-22 00:00:00
2025-08-22,USD,SGD,1.319023,DAILY,FX_FEED,True,2025-08-22 00:00:00
2025-08-22,AUD,USD,0.665774,DAILY,FX_FEED,True,2025-08-22 00:00:00
2025-08-22,AUD,EUR,0.567369,DAILY,FX_FEED,True,2025-08-22 00:00:00
2025-08-22,AUD,GBP,0.482218,DAILY,FX_FEED,True,2025-08-22 00:00:00
2025-08-22,AUD,SGD,0.886012,DAILY,FX_FEED,True,2025-08-22 00:00:00
2025-08-22,EUR,USD,1.166499,DAILY,FX_FEED,True,2025-08-22 00:00:00
2025-08-22,EUR,AUD,1.770396,DAILY,FX_FEED,True,2025-08-22 00:00:00
2025-08-22,EUR,GBP,0.868753,DAILY,FX_FEED,True,2025-08-22 00:00:00
2025-08-22,EUR,SGD,1.596809,DAILY,FX_FEED,True,2025-08-22 00:00:00
2025-08-22,GBP,USD,1.375534,DAILY,FX_FEED,True,2025-08-22 00:00:00
2025-08-22,GBP,AUD,2.075073,DAILY,FX_FEED,True,2025-08-22 00:00:00
2025-08-22,GBP,EUR,1.130987,DAILY,FX_FEED,True,2025-08-22 00:00:00
2025-08-22,GBP,SGD,1.809838,DAILY,FX_FEED,True,2025-08-22 00:00:00
2025-08-22,SGD,USD,0.742974,DAILY,FX_FEED,True,2025-08-22 00:00:00
2025-08-22,SGD,AUD,1.132399,DAILY,FX_FEED,True,2025-08-22 00:00:00
2025-08-22,SGD,EUR,0.625934,DAILY,FX_FEED,True,2025-08-22 00:00:00
2025-08-22,SGD,GBP,0.553211,DAILY,FX_FEED,True,2025-08-22 00:00:00
2025-08-23,USD,AUD,1.496648,DAILY,FX_FEED,True,2025-08-23 00:00:00
2025-08-23,USD,EUR,0.855805,DAILY,FX_FEED,True,2025-08-23 00:00:00
2025-08-23,USD,GBP,0.742082,DAILY,FX_FEED,True,2025-08-23 00:00:00
2025-08-23,USD,SGD,1.314693,DAILY,FX_FEED,True,2025-08-23 00:00:00
2025-08-23,AUD,USD,0.664226,DAILY,FX_FEED,True,2025-08-23 00:00:00
2025-08-23,AUD,EUR,0.561876,DAILY,FX_FEED,True,2025-08-23 00:00:00
2025-08-23,AUD,GBP,0.496401,DAILY,FX_FEED,True,2025-08-23 00:00:00
2025-08-23,AUD,SGD,0.864734,DAILY,FX_FEED,True,2025-08-23 00:00:00
2025-08-23,EUR,USD,1.185256,DAILY,FX_FEED,True,2025-08-23 00:00:00
2025-08-23,EUR,AUD,1.791364,DAILY,FX_FEED,True,2025-08-23 00:00:00
2025-08-23,EUR,GBP,0.858252,DAILY,FX_FEED,True,2025-08-23 00:00:00
2025-08-23,EUR,SGD,1.58974,DAILY,FX_FEED,True,2025-08-23 00:00:00
2025-08-23,GBP,USD,1.33092,DAILY,FX_FEED,True,2025-08-23 00:00:00
2025-08-23,GBP,AUD,2.037541,DAILY,FX_FEED,True,2025-08-23 00:00:00
2025-08-23,GBP,EUR,1.153542,DAILY,FX_FEED,True,2025-08-23 00:00:00
2025-08-23,GBP,SGD,1.835418,DAILY,FX_FEED,True,2025-08-23 00:00:00
2025-08-23,SGD,USD,0.751287,DAILY,FX_FEED,True,2025-08-23 00:00:00
2025-08-23,SGD,AUD,1.150057,DAILY,FX_FEED,True,2025-08-23 00:00:00
2025-08-23,SGD,EUR,0.638669,DAILY,FX_FEED,True,2025-08-23 00:00:00
2025-08-23,SGD,GBP,0.554392,DAILY,FX_FEED,True,2025-08-23 00:00:00
2025-08-24,USD,AUD,1.505661,DAILY,FX_FEED,True,2025-08-24 00:00:00
2025-08-24,USD,EUR,0.847607,DAILY,FX_FEED,True,2025-08-24 00:00:00
2025-08-24,USD,GBP,0.749296,DAILY,FX_FEED,True,2025-08-24 00:00:00
2025-08-24,USD,SGD,1.32656,DAILY,FX_FEED,True,2025-08-24 00:00:00
2025-08-24,AUD,USD,0.657844,DAILY,FX_FEED,True,2025-08-24 00:00:00
2025-08-24,AUD,EUR,0.558561,DAILY,FX_FEED,True,2025-08-24 00:00:00
2025-08-24,AUD,GBP,0.487442,DAILY,FX_FEED,True,2025-08-24 00:00:00
2025-08-24,AUD,SGD,0.884238,DAILY,FX_FEED,True,2025-08-24 00:00:00
2025-08-24,EUR,USD,1.182944,DAILY,FX_FEED,True,2025-08-24 00:00:00
2025-08-24,EUR,AUD,1.788749,DAILY,FX_FEED,True,2025-08-24 00:00:00
2025-08-24,EUR,GBP,0.86855,DAILY,FX_FEED,True,2025-08-24 00:00:00
2025-08-24,EUR,SGD,1.563963,DAILY,FX_FEED,True,2025-08-24 00:00:00
2025-08-24,GBP,USD,1.356961,DAILY,FX_FEED,True,2025-08-24 00:00:00
2025-08-24,GBP,AUD,2.044327,DAILY,FX_FEED,True,2025-08-24 00:00:00
2025-08-24,GBP,EUR,1.127124,DAILY,FX_FEED,True,2025-08-24 00:00:00
2025-08-24,GBP,SGD,1.828195,DAILY,FX_FEED,True,2025-08-24 00:00:00
2025-08-24,SGD,USD,0.75227,DAILY,FX_FEED,True,2025-08-24 00:00:00
2025-08-24,SGD,AUD,1.119083,DAILY,FX_FEED,True,2025-08-24 00:00:00
2025-08-24,SGD,EUR,0.644056,DAILY,FX_FEED,True,2025-08-24 00:00:00
2025-08-24,SGD,GBP,0.543964,DAILY,FX_FEED,True,2025-08-24 00:00:00
2025-08-25,USD,AUD,1.546132,DAILY,FX_FEED,True,2025-08-25 00:00:00
2025-08-25,USD,EUR,0.837827,DAILY,FX_FEED,True,2025-08-25 00:00:00
2025-08-25,USD,GBP,0.740648,DAILY,FX_FEED,True,2025-08-25 00:00:00
2025-08-25,USD,SGD,1.348788,DAILY,FX_FEED,True,2025-08-25 00:00:00
2025-08-25,AUD,USD,0.645805,DAILY,FX_FEED,True,2025-08-25 00:00:00
2025-08-25,AUD,EUR,0.56405,DAILY,FX_FEED,True,2025-08-25 00:00:00
2025-08-25,AUD,GBP,0.488839,DAILY,FX_FEED,True,2025-08-25 00:00:00
2025-08-25,AUD,SGD,0.894675,DAILY,FX_FEED,True,2025-08-25 00:00:00
2025-08-25,EUR,USD,1.195167,DAILY,FX_FEED,True,2025-08-25 00:00:00
2025-08-25,EUR,AUD,1.815854,DAILY,FX_FEED,True,2025-08-25 00:00:00
2025-08-25,EUR,GBP,0.86707,DAILY,FX_FEED,True,2025-08-25 00:00:00
2025-08-25,EUR,SGD,1.60645,DAILY,FX_FEED,True,2025-08-25 00:00:00
2025-08-25,GBP,USD,1.328551,DAILY,FX_FEED,True,2025-08-25 00:00:00
2025-08-25,GBP,AUD,2.038235,DAILY,FX_FEED,True,2025-08-25 00:00:00
2025-08-25,GBP,EUR,1.129999,DAILY,FX_FEED,True,2025-08-25 00:00:00
2025-08-25,GBP,SGD,1.80222,DAILY,FX_FEED,True,2025-08-25 00:00:00
2025-08-25,SGD,USD,0.751287,DAILY,FX_FEED,True,2025-08-25 00:00:00
2025-08-25,SGD,AUD,1.140974,DAILY,FX_FEED,True,2025-08-25 00:00:00
2025-08-25,SGD,EUR,0.637559,DAILY,FX_FEED,True,2025-08-25 00:00:00
2025-08-25,SGD,GBP,0.547895,DAILY,FX_FEED,True,2025-08-25 00:00:00
2025-08-26,USD,AUD,1.543132,DAILY,FX_FEED,True,2025-08-26 00:00:00
2025-08-26,USD,EUR,0.842162,DAILY,FX_FEED,True,2025-08-26 00:00:00
2025-08-26,USD,GBP,0.734762,DAILY,FX_FEED,True,2025-08-26 00:00:00
2025-08-26,USD,SGD,1.347871,DAILY,FX_FEED,True,2025-08-26 00:00:00
2025-08-26,AUD,USD,0.648426,DAILY,FX_FEED,True,2025-08-26 00:00:00
2025-08-26,AUD,EUR,0.567095,DAILY,FX_FEED,True,2025-08-26 00:00:00
2025-08-26,AUD,GBP,0.488908,DAILY,FX_FEED,True,2025-08-26 00:00:00
2025-08-26,AUD,SGD,0.884219,DAILY,FX_FEED,True,2025-08-26 00:00:00
2025-08-26,EUR,USD,1.173378,DAILY,FX_FEED,True,2025-08-26 00:00:00
2025-08-26,EUR,AUD,1.800796,DAILY,FX_FEED,True,2025-08-26 00:00:00
2025-08-26,EUR,GBP,0.886253,DAILY,FX_FEED,True,2025-08-26 00:00:00
2025-08-26,EUR,SGD,1.553328,DAILY,FX_FEED,True,2025-08-26 00:00:00
2025-08-26,GBP,USD,1.377284,DAILY,FX_FEED,True,2025-08-26 00:00:00
2025-08-26,GBP,AUD,2.015116,DAILY,FX_FEED,True,2025-08-26 00:00:00
2025-08-26,GBP,EUR,1.148019,DAILY,FX_FEED,True,2025-08-26 00:00:00
2025-08-26,GBP,SGD,1.805748,DAILY,FX_FEED,True,2025-08-26 00:00:00
2025-08-26,SGD,USD,0.747222,DAILY,FX_FEED,True,2025-08-26 00:00:00
2025-08-26,SGD,AUD,1.129433,DAILY,FX_FEED,True,2025-08-26 00:00:00
2025-08-26,SGD,EUR,0.636905,DAILY,FX_FEED,True,2025-08-26 00:00:00
2025-08-26,SGD,GBP,0.552619,DAILY,FX_FEED,True,2025-08-26 00:00:00
2025-08-27,USD,AUD,1.49523,DAILY,FX_FEED,True,2025-08-27 00:00:00
2025-08-27,USD,EUR,0.847496,DAILY,FX_FEED,True,2025-08-27 00:00:00
2025-08-27,USD,GBP,0.754012,DAILY,FX_FEED,True,2025-08-27 00:00:00
2025-08-27,USD,SGD,1.355179,DAILY,FX_FEED,True,2025-08-27 00:00:00
2025-08-27,AUD,USD,0.662952,DAILY,FX_FEED,True,2025-08-27 00:00:00
2025-08-27,AUD,EUR,0.559441,DAILY,FX_FEED,True,2025-08-27 00:00:00
2025-08-27,AUD,GBP,0.47798,DAILY,FX_FEED,True,2025-08-27 00:00:00
2025-08-27,AUD,SGD,0.867049,DAILY,FX_FEED,True,2025-08-27 00:00:00
2025-08-27,EUR,USD,1.196948,DAILY,FX_FEED,True,2025-08-27 00:00:00
2025-08-27,EUR,AUD,1.776397,DAILY,FX_FEED,True,2025-08-27 00:00:00
2025-08-27,EUR,GBP,0.872459,DAILY,FX_FEED,True,2025-08-27 00:00:00
2025-08-27,EUR,SGD,1.561998,DAILY,FX_FEED,True,2025-08-27 00:00:00
2025-08-27,GBP,USD,1.343073,DAILY,FX_FEED,True,2025-08-27 00:00:00
2025-08-27,GBP,AUD,2.091612,DAILY,FX_FEED,True,2025-08-27 00:00:00
2025-08-27,GBP,EUR,1.126087,DAILY,FX_FEED,True,2025-08-27 00:00:00
2025-08-27,GBP,SGD,1.78992,DAILY,FX_FEED,True,2025-08-27 00:00:00
2025-08-27,SGD,USD,0.743045,DAILY,FX_FEED,True,2025-08-27 00:00:00
2025-08-27,SGD,AUD,1.156729,DAILY,FX_FEED,True,2025-08-27 00:00:00
2025-08-27,SGD,EUR,0.627696,DAILY,FX_FEED,True,2025-08-27 00:00:00
2025-08-27,SGD,GBP,0.558206,DAILY,FX_FEED,True,2025-08-27 00:00:00
2025-08-28,USD,AUD,1.548036,DAILY,FX_FEED,True,2025-08-28 00:00:00
2025-08-28,USD,EUR,0.84768,DAILY,FX_FEED,True,2025-08-28 00:00:00
2025-08-28,USD,GBP,0.735742,DAILY,FX_FEED,True,2025-08-28 00:00:00
2025-08-28,USD,SGD,1.363728,DAILY,FX_FEED,True,2025-08-28 00:00:00
2025-08-28,AUD,USD,0.649653,DAILY,FX_FEED,True,2025-08-28 00:00:00
2025-08-28,AUD,EUR,0.551344,DAILY,FX_FEED,True,2025-08-28 00:00:00
2025-08-28,AUD,GBP,0.484874,DAILY,FX_FEED,True,2025-08-28 00:00:00
2025-08-28,AUD,SGD,0.869038,DAILY,FX_FEED,True,2025-08-28 00:00:00
2025-08-28,EUR,USD,1.196311,DAILY,FX_FEED,True,2025-08-28 00:00:00
2025-08-28,EUR,AUD,1.808871,DAILY,FX_FEED,True,2025-08-28 00:00:00
2025-08-28,EUR,GBP,0.865837,DAILY,FX_FEED,True,2025-08-28 00:00:00
2025-08-28,EUR,SGD,1.585498,DAILY,FX_FEED,True,2025-08-28 00:00:00
2025-08-28,GBP,USD,1.349589,DAILY,FX_FEED,True,2025-08-28 00:00:00
2025-08-28,GBP,AUD,2.09396,DAILY,FX_FEED,True,2025-08-28 00:00:00
2025-08-28,GBP,EUR,1.12724,DAILY,FX_FEED,True,2025-08-28 00:00:00
2025-08-28,GBP,SGD,1.827457,DAILY,FX_FEED,True,2025-08-28 00:00:00
2025-08-28,SGD,USD,0.747168,DAILY,FX_FEED,True,2025-08-28 00:00:00
2025-08-28,SGD,AUD,1.116137,DAILY,FX_FEED,True,2025-08-28 00:00:00
2025-08-28,SGD,EUR,0.639049,DAILY,FX_FEED,True,2025-08-28 00:00:00
2025-08-28,SGD,GBP,0.559928,DAILY,FX_FEED,True,2025-08-28 00:00:00
2025-08-29,USD,AUD,1.54781,DAILY,FX_FEED,True,2025-08-29 00:00:00
2025-08-29,USD,EUR,0.844436,DAILY,FX_FEED,True,2025-08-29 00:00:00
2025-08-29,USD,GBP,0.736958,DAILY,FX_FEED,True,2025-08-29 00:00:00
2025-08-29,USD,SGD,1.318536,DAILY,FX_FEED,True,2025-08-29 00:00:00
2025-08-29,AUD,USD,0.660835,DAILY,FX_FEED,True,2025-08-29 00:00:00
2025-08-29,AUD,EUR,0.554836,DAILY,FX_FEED,True,2025-08-29 00:00:00
2025-08-29,AUD,GBP,0.488347,DAILY,FX_FEED,True,2025-08-29 00:00:00
2025-08-29,AUD,SGD,0.88222,DAILY,FX_FEED,True,2025-08-29 00:00:00
2025-08-29,EUR,USD,1.177469,DAILY,FX_FEED,True,2025-08-29 00:00:00
2025-08-29,EUR,AUD,1.823567,DAILY,FX_FEED,True,2025-08-29 00:00:00
2025-08-29,EUR,GBP,0.860907,DAILY,FX_FEED,True,2025-08-29 00:00:00
2025-08-29,EUR,SGD,1.565232,DAILY,FX_FEED,True,2025-08-29 00:00:00
2025-08-29,GBP,USD,1.355208,DAILY,FX_FEED,True,2025-08-29 00:00:00
2025-08-29,GBP,AUD,2.072347,DAILY,FX_FEED,True,2025-08-29 00:00:00
2025-08-29,GBP,EUR,1.164415,DAILY,FX_FEED,True,2025-08-29 00:00:00
2025-08-29,GBP,SGD,1.780994,DAILY,FX_FEED,True,2025-08-29 00:00:00
2025-08-29,SGD,USD,0.744812,DAILY,FX_FEED,True,2025-08-29 00:00:00
2025-08-29,SGD,AUD,1.147325,DAILY,FX_FEED,True,2025-08-29 00:00:00
2025-08-29,SGD,EUR,0.645816,DAILY,FX_FEED,True,2025-08-29 00:00:00
2025-08-29,SGD,GBP,0.560273,DAILY,FX_FEED,True,2025-08-29 00:00:00
2025-08-30,USD,AUD,1.501925,DAILY,FX_FEED,True,2025-08-30 00:00:00
2025-08-30,USD,EUR,0.84447,DAILY,FX_FEED,True,2025-08-30 00:00:00
2025-08-30,USD,GBP,0.735225,DAILY,FX_FEED,True,2025-08-30 00:00:00
2025-08-30,USD,SGD,1.353173,DAILY,FX_FEED,True,2025-08-30 00:00:00
2025-08-30,AUD,USD,0.660257,DAILY,FX_FEED,True,2025-08-30 00:00:00
2025-08-30,AUD,EUR,0.557331,DAILY,FX_FEED,True,2025-08-30 00:00:00
2025-08-30,AUD,GBP,0.478975,DAILY,FX_FEED,True,2025-08-30 00:00:00
2025-08-30,AUD,SGD,0.888114,DAILY,FX_FEED,True,2025-08-30 00:00:00
2025-08-30,EUR,USD,1.15709,DAILY,FX_FEED,True,2025-08-30 00:00:00
2025-08-30,EUR,AUD,1.779531,DAILY,FX_FEED,True,2025-08-30 00:00:00
2025-08-30,EUR,GBP,0.877507,DAILY,FX_FEED,True,2025-08-30 00:00:00
2025-08-30,EUR,SGD,1.56658,DAILY,FX_FEED,True,2025-08-30 00:00:00
2025-08-30,GBP,USD,1.364099,DAILY,FX_FEED,True,2025-08-30 00:00:00
2025-08-30,GBP,AUD,2.037045,DAILY,FX_FEED,True,2025-08-30 00:00:00
2025-08-30,GBP,EUR,1.151677,DAILY,FX_FEED,True,2025-08-30 00:00:00
2025-08-30,GBP,SGD,1.825265,DAILY,FX_FEED,True,2025-08-30 00:00:00
2025-08-30,SGD,USD,0.751861,DAILY,FX_FEED,True,2025-08-30 00:00:00
2025-08-30,SGD,AUD,1.11704,DAILY,FX_FEED,True,2025-08-30 00:00:00
2025-08-30,SGD,EUR,0.623512,DAILY,FX_FEED,True,2025-08-30 00:00:00
2025-08-30,SGD,GBP,0.542601,DAILY,FX_FEED,True,2025-08-30 00:00:00
2025-08-31,USD,AUD,1.522154,DAILY,FX_FEED,True,2025-08-31 00:00:00
2025-08-31,USD,EUR,0.840678,DAILY,FX_FEED,True,2025-08-31 00:00:00
2025-08-31,USD,GBP,0.738329,DAILY,FX_FEED,True,2025-08-31 00:00:00
2025-08-31,USD,SGD,1.326072,DAILY,FX_FEED,True,2025-08-31 00:00:00
2025-08-31,AUD,USD,0.665994,DAILY,FX_FEED,True,2025-08-31 00:00:00
2025-08-31,AUD,EUR,0.568564,DAILY,FX_FEED,True,2025-08-31 00:00:00
2025-08-31,AUD,GBP,0.479782,DAILY,FX_FEED,True,2025-08-31 00:00:00
2025-08-31,AUD,SGD,0.870958,DAILY,FX_FEED,True,2025-08-31 00:00:00
2025-08-31,EUR,USD,1.174576,DAILY,FX_FEED,True,2025-08-31 00:00:00
2025-08-31,EUR,AUD,1.782366,DAILY,FX_FEED,True,2025-08-31 00:00:00
2025-08-31,EUR,GBP,0.856373,DAILY,FX_FEED,True,2025-08-31 00:00:00
2025-08-31,EUR,SGD,1.548644,DAILY,FX_FEED,True,2025-08-31 00:00:00
2025-08-31,GBP,USD,1.328746,DAILY,FX_FEED,True,2025-08-31 00:00:00
2025-08-31,GBP,AUD,2.084501,DAILY,FX_FEED,True,2025-08-31 00:00:00
2025-08-31,GBP,EUR,1.159187,DAILY,FX_FEED,True,2025-08-31 00:00:00
2025-08-31,GBP,SGD,1.821346,DAILY,FX_FEED,True,2025-08-31 00:00:00
2025-08-31,SGD,USD,0.744795,DAILY,FX_FEED,True,2025-08-31 00:00:00
2025-08-31,SGD,AUD,1.112295,DAILY,FX_FEED,True,2025-08-31 00:00:00
2025-08-31,SGD,EUR,0.627057,DAILY,FX_FEED,True,2025-08-31 00:00:00
2025-08-31,SGD,GBP,0.546784,DAILY,FX_FEED,True,2025-08-31 00:00:00
